City_ID,City,Country,Date,Lat,Lng,Max Temp,Humidity,Cloudiness,Wind Speed,Weather description
0,New Norfolk,AU,2020-02-24 01:17:04,-42.78,147.06,71.01,59,75,4.7,broken clouds
1,Vaini,TO,2020-02-24 01:19:38,-21.2,-175.2,84.2,79,40,10.29,scattered clouds
2,Ambon,ID,2020-02-24 01:25:33,-3.7,128.18,89.6,55,20,12.75,few clouds
3,Mahebourg,MU,2020-02-24 01:19:48,-20.41,57.7,73.99,94,20,3.36,few clouds
4,Vostok,RU,2020-02-24 01:20:58,46.49,135.88,15.57,87,100,1.95,overcast clouds
5,Zhengjiatun,CN,2020-02-24 01:25:33,43.51,123.51,25.92,58,17,3.06,few clouds
6,Castro,BR,2020-02-24 01:19:05,-24.79,-50.01,60.91,84,89,8.34,overcast clouds
7,Nikolskoye,RU,2020-02-24 01:18:38,59.7,30.79,35.6,93,90,11.18,light intensity shower rain
8,Severo-Kurilsk,RU,2020-02-24 01:20:15,50.68,156.12,26.06,97,100,38.43,snow
9,Blagoyevo,RU,2020-02-24 01:25:34,63.37,47.92,27.75,95,100,12.97,light snow
10,East London,ZA,2020-02-24 01:18:48,-33.02,27.91,65.5,62,80,0.63,broken clouds
11,Hasaki,JP,2020-02-24 01:19:57,35.73,140.83,54.0,37,20,10.29,few clouds
12,Iqaluit,CA,2020-02-24 01:20:56,63.75,-68.51,-27.0,67,20,9.17,few clouds
13,Zhanaozen,KZ,2020-02-24 01:25:35,43.3,52.8,43.47,98,98,5.44,overcast clouds
14,Mataura,NZ,2020-02-24 01:19:43,-46.19,168.86,67.1,62,82,1.19,broken clouds
15,Palanga,LT,2020-02-24 01:25:36,55.92,21.07,41.0,93,53,8.05,broken clouds
16,Shu,KZ,2020-02-24 01:22:47,43.6,73.76,33.64,88,100,0.29,overcast clouds
17,Along,IN,2020-02-24 01:20:34,28.17,94.77,50.97,92,3,4.34,light rain
18,Butaritari,KI,2020-02-24 01:19:52,3.07,172.79,85.03,76,68,16.37,moderate rain
19,Nichinan,JP,2020-02-24 01:25:37,31.6,131.37,55.4,37,0,6.93,clear sky
20,Ushuaia,AR,2020-02-24 01:17:02,-54.8,-68.3,44.6,70,40,24.16,shower rain
21,Kattivakkam,IN,2020-02-24 01:25:37,13.22,80.32,79.0,88,40,2.24,mist
22,Souillac,MU,2020-02-24 01:19:15,-20.52,57.52,73.99,94,20,3.36,few clouds
23,Barrow,US,2020-02-24 01:19:00,71.29,-156.79,-23.8,74,1,13.87,clear sky
24,Vestmannaeyjar,IS,2020-02-24 01:18:20,63.44,-20.27,40.21,72,100,28.92,light snow
25,Kodiak,US,2020-02-24 01:19:55,57.79,-152.41,26.6,35,1,21.92,clear sky
26,Rikitea,PF,2020-02-24 01:19:29,-23.12,-134.97,79.97,69,0,9.17,light rain
27,La Ronge,CA,2020-02-24 01:25:38,55.1,-105.28,30.2,63,75,4.7,broken clouds
28,Albany,US,2020-02-24 01:19:27,42.6,-73.97,37.4,55,20,3.04,few clouds
29,Arraial Do Cabo,BR,2020-02-24 01:19:47,-22.97,-42.03,75.9,68,100,8.68,overcast clouds
30,Tignere,CM,2020-02-24 01:25:39,7.37,12.65,67.87,18,0,1.07,clear sky
31,Bluff,NZ,2020-02-24 01:19:40,-46.6,168.33,65.21,53,71,4.92,broken clouds
32,Atar,MR,2020-02-24 01:19:53,20.52,-13.05,82.81,15,100,10.38,overcast clouds
33,Datong,CN,2020-02-24 01:25:40,40.09,113.29,33.89,44,100,2.62,overcast clouds
34,Mar Del Plata,AR,2020-02-24 01:16:37,-38.0,-57.56,68.0,77,0,6.93,clear sky
35,Cabo San Lucas,MX,2020-02-24 01:17:50,22.89,-109.91,73.0,77,40,8.05,scattered clouds
36,Palmer,US,2020-02-24 01:20:34,42.16,-72.33,42.01,63,20,4.41,few clouds
37,Cape Town,ZA,2020-02-24 01:17:00,-33.93,18.42,64.0,59,0,18.34,clear sky
38,Carnarvon,AU,2020-02-24 01:18:54,-24.87,113.63,78.8,74,0,4.7,clear sky
39,Bilibino,RU,2020-02-24 01:19:54,68.05,166.44,-23.1,90,22,2.19,few clouds
40,Rabo De Peixe,PT,2020-02-24 01:25:41,37.8,-25.58,55.4,93,20,4.7,few clouds
41,Watsa,CD,2020-02-24 01:25:41,3.04,29.54,69.76,67,79,1.28,broken clouds
42,Kavaratti,IN,2020-02-24 01:25:42,10.57,72.64,81.23,73,100,4.05,overcast clouds
43,Meulaboh,ID,2020-02-24 01:21:06,4.14,96.13,80.67,77,1,7.63,clear sky
44,Kosonsoy,UZ,2020-02-24 01:25:42,41.26,71.55,46.4,87,90,2.46,light intensity shower rain
45,Luderitz,NA,2020-02-24 01:18:03,-26.65,15.16,69.21,63,0,16.44,clear sky
46,Buchanan,LR,2020-02-24 01:25:42,5.88,-10.05,77.0,94,20,3.69,few clouds
47,Necochea,AR,2020-02-24 01:18:45,-38.55,-58.74,68.31,50,0,9.33,clear sky
48,Bambous Virieux,MU,2020-02-24 01:19:30,-20.34,57.76,73.99,94,20,3.36,few clouds
49,Puerto Ayora,EC,2020-02-24 01:19:42,-0.74,-90.35,82.4,78,75,9.17,broken clouds
50,Ahmadpur East,PK,2020-02-24 01:25:43,29.14,71.26,67.71,44,0,6.67,clear sky
51,Aklavik,CA,2020-02-24 01:19:37,68.22,-135.01,-4.0,76,75,3.36,light snow
52,Lamar,US,2020-02-24 01:25:44,33.67,-95.58,55.99,100,90,13.87,light rain
53,Chokurdakh,RU,2020-02-24 01:19:49,70.63,147.92,-23.48,98,82,3.11,broken clouds
54,Coquimbo,CL,2020-02-24 01:19:01,-29.95,-71.34,60.8,82,75,8.05,broken clouds
55,Qaanaaq,GL,2020-02-24 01:19:34,77.48,-69.36,-19.1,61,0,5.77,clear sky
56,Hofn,IS,2020-02-24 01:25:45,64.25,-15.21,40.53,65,89,23.53,overcast clouds
57,Avarua,CK,2020-02-24 01:19:04,-21.21,-159.78,78.8,94,100,5.82,light rain
58,Los Llanos De Aridane,ES,2020-02-24 01:19:34,28.66,-17.92,71.6,64,90,9.17,haze
59,Sisimiut,GL,2020-02-24 01:20:06,66.94,-53.67,-3.91,87,98,1.72,overcast clouds
60,Biltine,TD,2020-02-24 01:17:30,14.53,20.92,64.17,22,0,9.6,clear sky
61,Batticaloa,LK,2020-02-24 01:25:45,7.71,81.69,72.19,94,99,1.34,light rain
62,Hermanus,ZA,2020-02-24 01:18:59,-34.42,19.23,62.01,76,0,10.0,clear sky
63,Rockland,US,2020-02-24 01:25:46,41.17,-74.05,48.2,55,1,3.36,clear sky
64,San Cristobal,VE,2020-02-24 01:17:42,7.77,-72.22,78.8,65,40,2.24,scattered clouds
65,Hobart,AU,2020-02-24 01:16:08,-42.88,147.33,71.01,59,75,4.7,broken clouds
66,Vanimo,PG,2020-02-24 01:19:11,-2.67,141.3,81.86,77,56,6.87,light rain
67,Chuy,UY,2020-02-24 01:17:04,-33.7,-53.46,65.3,71,11,10.89,few clouds
68,Ribeira Grande,PT,2020-02-24 01:19:29,38.52,-28.7,56.35,82,30,6.98,scattered clouds
69,Rosarito,MX,2020-02-24 01:25:47,32.33,-117.03,62.6,71,1,8.05,clear sky
70,Busselton,AU,2020-02-24 01:18:43,-33.65,115.33,71.01,74,63,4.0,broken clouds
71,Faanui,PF,2020-02-24 01:20:58,-16.48,-151.75,83.44,69,12,11.12,few clouds
72,Kruisfontein,ZA,2020-02-24 01:19:43,-34.0,24.73,54.3,83,0,3.42,clear sky
73,Punta Arenas,CL,2020-02-24 01:19:34,-53.15,-70.92,46.4,70,75,34.45,broken clouds
74,Matara,LK,2020-02-24 01:16:55,5.95,80.54,71.65,89,94,5.61,overcast clouds
75,Cherskiy,RU,2020-02-24 01:20:49,68.75,161.3,-22.4,86,49,5.08,scattered clouds
76,Bredasdorp,ZA,2020-02-24 01:18:44,-34.53,20.04,62.01,81,0,5.82,clear sky
77,Kahului,US,2020-02-24 01:20:25,20.89,-156.47,80.6,57,40,12.75,scattered clouds
78,Clyde River,CA,2020-02-24 01:20:09,70.47,-68.59,-20.2,75,40,16.11,light snow
79,Lavrentiya,RU,2020-02-24 01:19:38,65.58,-171.0,-4.92,77,0,5.3,clear sky
80,Acarau,BR,2020-02-24 01:25:49,-2.89,-40.12,75.65,92,27,4.7,scattered clouds
81,Ilulissat,GL,2020-02-24 01:17:48,69.22,-51.1,1.4,70,54,10.29,broken clouds
82,Mbandaka,CD,2020-02-24 01:25:50,0.05,18.26,75.81,91,100,3.76,overcast clouds
83,Saskylakh,RU,2020-02-24 01:19:28,71.92,114.08,7.02,92,97,9.1,light snow
84,Port Elizabeth,ZA,2020-02-24 01:19:55,-33.92,25.57,53.6,87,19,2.24,few clouds
85,Saint-Philippe,RE,2020-02-24 01:18:43,-21.36,55.77,73.99,73,2,5.82,clear sky
86,San Ramon,US,2020-02-24 01:25:50,37.78,-121.98,64.99,48,1,6.93,clear sky
87,Fort Nelson,CA,2020-02-24 01:20:41,58.81,-122.7,30.2,36,75,3.36,broken clouds
88,Kazerun,IR,2020-02-24 01:25:51,29.62,51.65,60.39,45,83,3.53,broken clouds
89,Kaitangata,NZ,2020-02-24 01:19:00,-46.28,169.85,64.0,63,88,8.01,overcast clouds
90,Kurkino,RU,2020-02-24 01:25:52,53.43,38.66,26.89,90,26,11.7,scattered clouds
91,Bonavista,CA,2020-02-24 01:20:18,48.65,-53.11,28.99,85,10,14.0,clear sky
92,Port Lincoln,AU,2020-02-24 01:25:52,-34.73,135.87,72.68,61,0,5.57,clear sky
93,Nanzhou,CN,2020-02-24 01:25:52,29.36,112.4,60.3,85,99,14.18,overcast clouds
94,Khatanga,RU,2020-02-24 01:19:32,71.97,102.5,17.06,91,99,16.58,light snow
95,Kapaa,US,2020-02-24 01:18:52,22.08,-159.32,80.6,61,40,8.05,scattered clouds
96,Kangaatsiaq,GL,2020-02-24 01:25:53,68.31,-53.46,5.9,91,100,10.27,light snow
97,Walvis Bay,NA,2020-02-24 01:21:28,-22.96,14.51,64.0,93,59,8.05,broken clouds
98,Kieta,PG,2020-02-24 01:25:53,-6.22,155.63,85.66,67,43,5.5,scattered clouds
99,Solok,ID,2020-02-24 01:22:26,-0.79,100.66,70.65,86,0,6.38,clear sky
100,Licata,IT,2020-02-24 01:25:54,37.11,13.95,39.2,86,18,3.36,few clouds
101,San Patricio,MX,2020-02-24 01:19:40,19.22,-104.7,80.6,74,20,9.17,few clouds
102,Bengkulu,ID,2020-02-24 01:20:17,-3.8,102.27,74.48,85,2,5.06,clear sky
103,Norman Wells,CA,2020-02-24 01:19:22,65.28,-126.83,6.8,77,75,4.7,light snow
104,Mount Gambier,AU,2020-02-24 01:25:55,-37.83,140.77,71.6,68,81,5.82,broken clouds
105,Marawi,PH,2020-02-24 01:25:55,8.0,124.29,80.01,79,46,5.01,scattered clouds
106,Henties Bay,NA,2020-02-24 01:20:41,-22.12,14.28,64.0,94,17,5.01,few clouds
107,Victoria,HK,2020-02-24 01:17:25,22.29,114.16,70.0,72,20,23.04,few clouds
108,Tautira,PF,2020-02-24 01:25:56,-17.73,-149.15,86.0,70,40,14.99,scattered clouds
109,Asuncion,PY,2020-02-24 01:24:20,-25.3,-57.64,77.0,47,1,4.7,clear sky
110,Novopavlovka,RU,2020-02-24 01:22:28,51.22,109.21,-4.09,99,68,1.12,broken clouds
111,Broome,US,2020-02-24 01:20:34,42.25,-75.83,41.0,29,1,5.82,clear sky
112,Port Alfred,ZA,2020-02-24 01:18:54,-33.59,26.89,59.0,82,20,0.58,few clouds
113,Cap Malheureux,MU,2020-02-24 01:25:57,-19.98,57.61,73.99,94,20,3.36,few clouds
114,Mikhaylovka,RU,2020-02-24 01:25:57,50.06,43.24,36.0,93,100,1.99,light rain
115,Nabire,ID,2020-02-24 01:16:42,-3.37,135.48,73.17,99,98,1.28,moderate rain
116,Puerto Santander,CO,2020-02-24 01:25:57,8.36,-72.41,80.6,61,40,2.24,scattered clouds
117,Tasiilaq,GL,2020-02-24 01:16:57,65.61,-37.64,8.6,71,44,3.36,scattered clouds
118,Jamestown,US,2020-02-24 01:18:53,42.1,-79.24,46.4,33,90,10.29,overcast clouds
119,Mookane,BW,2020-02-24 01:25:58,-23.69,26.66,67.14,79,100,10.94,light rain
120,Sao Felix Do Xingu,BR,2020-02-24 01:25:58,-6.64,-51.99,73.65,96,94,0.47,light rain
121,Kamenka,RU,2020-02-24 01:25:58,51.32,42.77,34.0,97,100,1.99,light snow
122,College,US,2020-02-24 01:25:58,64.86,-147.8,1.99,70,1,4.7,clear sky
123,Belaya Gora,RU,2020-02-24 01:20:18,68.53,146.42,-13.36,97,95,3.47,overcast clouds
124,Dunedin,NZ,2020-02-24 01:25:59,-45.87,170.5,66.0,60,52,14.0,broken clouds
125,Hithadhoo,MV,2020-02-24 01:17:49,-0.6,73.08,83.59,76,83,13.15,broken clouds
126,Chenzhou,CN,2020-02-24 01:25:59,25.8,113.03,61.21,81,15,3.51,few clouds
127,Axams,AT,2020-02-24 01:25:59,47.21,11.29,64.4,34,75,25.28,broken clouds
128,Ancud,CL,2020-02-24 01:17:06,-41.87,-73.82,53.6,76,20,8.05,few clouds
129,Grindavik,IS,2020-02-24 01:19:46,63.84,-22.43,33.8,88,75,21.92,shower rain
130,Avera,US,2020-02-24 01:19:19,33.19,-82.53,57.2,58,90,4.88,overcast clouds
131,Sungairaya,ID,2020-02-24 01:26:00,0.7,108.9,76.1,92,56,5.44,broken clouds
132,Mbanza-Ngungu,CD,2020-02-24 01:26:00,-5.25,14.87,71.02,98,100,2.59,light rain
133,Lebu,CL,2020-02-24 01:18:55,-37.62,-73.65,56.97,80,6,6.58,clear sky
134,Puerto Escondido,MX,2020-02-24 01:23:48,15.85,-97.07,82.4,83,40,8.05,scattered clouds
135,Sorland,NO,2020-02-24 01:19:01,67.67,12.69,34.5,66,100,33.02,light snow
136,Dikson,RU,2020-02-24 01:18:47,73.51,80.55,24.75,91,100,28.34,light snow
137,Yellowknife,CA,2020-02-24 01:17:01,62.46,-114.35,-5.01,70,75,4.7,broken clouds
138,Champasak,LA,2020-02-24 01:26:02,14.75,106.0,71.6,56,40,2.24,mist
139,Narasannapeta,IN,2020-02-24 01:26:02,18.42,84.05,67.1,78,0,1.68,clear sky
140,Morwa,IN,2020-02-24 01:26:02,22.9,73.83,60.8,49,0,8.88,clear sky
141,Puerto Madryn,AR,2020-02-24 01:23:48,-42.77,-65.04,61.75,73,0,13.98,clear sky
142,North Bend,US,2020-02-24 01:19:56,43.41,-124.22,48.2,66,75,12.75,broken clouds
143,Portland,US,2020-02-24 01:16:22,45.52,-122.68,48.2,60,75,11.41,light rain
144,Atuona,PF,2020-02-24 01:19:42,-9.8,-139.03,81.37,76,20,11.83,few clouds
145,The Valley,AI,2020-02-24 01:26:03,18.22,-63.06,78.8,69,20,2.24,few clouds
146,Imbituba,BR,2020-02-24 01:26:03,-28.24,-48.67,71.6,78,40,2.24,scattered clouds
147,Luganville,VU,2020-02-24 01:26:03,-15.53,167.17,86.0,70,75,11.41,broken clouds
148,Sitka,US,2020-02-24 01:20:31,57.05,-135.33,33.8,92,90,13.87,heavy snow
149,Lake Charles,US,2020-02-24 01:26:04,30.21,-93.2,62.6,77,75,9.17,broken clouds
150,Sioux Lookout,CA,2020-02-24 01:26:04,50.1,-91.92,33.8,74,90,18.34,light shower snow
151,Bethel,US,2020-02-24 01:19:44,41.37,-73.41,44.6,41,1,5.3,clear sky
152,Nacala,MZ,2020-02-24 01:26:04,-14.54,40.67,75.87,96,77,5.37,light rain
153,Texarkana,US,2020-02-24 01:26:05,33.43,-94.05,55.0,93,90,11.41,light rain
154,Iwaki,JP,2020-02-24 01:26:05,37.05,140.88,53.01,56,75,4.7,shower rain
155,Anadyr,RU,2020-02-24 01:20:02,64.75,177.48,-16.6,75,4,5.61,clear sky
156,Ponta Delgada,PT,2020-02-24 01:26:05,37.73,-25.67,55.4,93,20,4.7,few clouds
157,Mezen,RU,2020-02-24 01:26:06,65.85,44.24,31.6,86,100,19.01,overcast clouds
158,Jerantut,MY,2020-02-24 01:26:06,3.94,102.36,70.21,95,10,2.3,clear sky
159,San Vicente,AR,2020-02-24 01:26:06,-26.62,-54.13,65.71,92,60,2.53,light rain
160,Hun,LY,2020-02-24 01:26:06,29.13,15.95,48.96,73,0,4.68,clear sky
161,Saint-Augustin,CA,2020-02-24 01:17:43,51.23,-58.65,15.57,78,65,9.22,broken clouds
162,Pevek,RU,2020-02-24 01:19:52,69.7,170.31,-15.54,98,100,9.42,overcast clouds
163,Manaure,CO,2020-02-24 01:21:21,11.78,-72.44,78.8,78,75,13.87,broken clouds
164,Avrille,FR,2020-02-24 01:26:07,47.5,-0.58,52.0,93,90,11.41,overcast clouds
165,Bayir,TR,2020-02-24 01:20:55,37.27,28.22,37.4,93,0,4.7,clear sky
166,Waitati,NZ,2020-02-24 01:26:07,-45.75,170.57,66.0,60,52,14.0,broken clouds
167,Bandarbeyla,SO,2020-02-24 01:25:06,9.49,50.81,78.15,71,81,15.7,broken clouds
168,Annamalainagar,IN,2020-02-24 01:26:08,11.4,79.73,70.66,95,100,5.97,overcast clouds
169,Marrakesh,MA,2020-02-24 01:26:08,31.63,-8.01,60.8,31,0,3.36,clear sky
170,Jiuquan,CN,2020-02-24 01:20:15,39.74,98.52,26.01,43,43,2.91,scattered clouds
171,San Rafael,AR,2020-02-24 01:26:08,-34.62,-68.33,77.45,27,0,16.73,clear sky
172,Hualmay,PE,2020-02-24 01:26:09,-11.1,-77.61,75.36,67,84,5.55,broken clouds
173,Uirauna,BR,2020-02-24 01:26:09,-6.52,-38.41,74.8,86,49,2.19,light rain
174,Garissa,KE,2020-02-24 01:26:09,-0.45,39.64,79.16,72,27,7.56,scattered clouds
175,San Alberto,CO,2020-02-24 01:26:09,7.76,-73.39,81.64,64,100,2.33,overcast clouds
176,Lompoc,US,2020-02-24 01:16:13,34.64,-120.46,66.0,76,1,16.11,clear sky
177,Svetlogorsk,BY,2020-02-24 01:19:47,52.63,29.73,36.27,96,100,5.93,light rain
178,Geraldton,AU,2020-02-24 01:20:03,-28.77,114.6,78.8,78,21,5.82,light rain
179,Saldanha,ZA,2020-02-24 01:18:53,-33.01,17.94,64.4,55,0,5.82,clear sky
180,Buta,CD,2020-02-24 01:26:10,2.79,24.73,77.95,47,35,4.16,scattered clouds
181,Maningrida,AU,2020-02-24 01:21:25,-12.07,134.27,84.06,79,96,17.92,overcast clouds
182,Isangel,VU,2020-02-24 01:20:30,-19.55,169.27,86.0,62,40,9.17,scattered clouds
183,Noshiro,JP,2020-02-24 01:26:11,40.2,140.02,44.6,49,75,5.82,broken clouds
184,Komsomolskiy,UZ,2020-02-24 01:26:11,40.43,71.72,46.4,75,75,6.93,mist
185,Mandera,KE,2020-02-24 01:26:11,3.94,41.87,70.0,21,18,3.0,few clouds
186,Skibbereen,IE,2020-02-24 01:26:11,51.55,-9.27,50.0,100,90,25.28,light intensity drizzle rain
187,Thompson,CA,2020-02-24 01:20:00,55.74,-97.86,14.0,78,90,8.05,light snow
188,Salalah,OM,2020-02-24 01:26:12,17.02,54.09,75.2,69,40,4.7,scattered clouds
189,Kavieng,PG,2020-02-24 01:17:29,-2.57,150.8,84.47,70,17,8.08,few clouds
190,Touros,BR,2020-02-24 01:20:13,-5.2,-35.46,80.6,83,40,5.82,scattered clouds
191,Calbuco,CL,2020-02-24 01:26:12,-41.77,-73.13,53.6,87,90,6.93,overcast clouds
192,Amahai,ID,2020-02-24 01:26:13,-3.33,128.92,81.37,74,100,17.25,light rain
193,Qitaihe,CN,2020-02-24 01:26:13,45.8,130.85,17.51,88,42,13.38,scattered clouds
194,Tiksi,RU,2020-02-24 01:19:48,71.69,128.87,-8.05,87,99,7.07,overcast clouds
195,Yanam,IN,2020-02-24 01:26:13,16.73,82.22,68.0,94,20,2.24,mist
196,Tuktoyaktuk,CA,2020-02-24 01:19:43,69.45,-133.04,-5.8,76,75,13.87,light snow
197,Georgetown,MY,2020-02-24 01:17:40,5.41,100.34,80.6,69,20,4.7,few clouds
198,Berlevag,NO,2020-02-24 01:26:14,70.86,29.09,35.51,72,86,10.92,overcast clouds
199,Uralets,RU,2020-02-24 01:26:14,57.66,59.65,22.24,89,2,9.15,clear sky
200,Luena,AO,2020-02-24 01:26:15,-11.78,19.92,64.72,96,100,4.59,light rain
201,Vinh Yen,VN,2020-02-24 01:26:15,21.31,105.6,66.2,100,20,4.7,mist
202,Albemarle,US,2020-02-24 01:26:15,35.35,-80.2,54.0,40,1,4.14,clear sky
203,Byron Bay,AU,2020-02-24 01:26:15,-28.65,153.62,72.0,94,100,6.93,light rain
204,Caravelas,BR,2020-02-24 01:19:37,-17.71,-39.25,79.86,84,100,13.29,light rain
205,Saint George,US,2020-02-24 01:16:00,37.1,-113.58,60.01,47,1,9.17,light rain
206,Port Blair,IN,2020-02-24 01:26:16,11.67,92.75,81.14,74,70,12.97,broken clouds
207,Mindelo,CV,2020-02-24 01:26:16,16.89,-24.98,66.2,72,20,9.17,few clouds
208,Samana,DO,2020-02-24 01:26:16,19.21,-69.34,68.52,97,1,4.16,light rain
209,Broken Hill,AU,2020-02-24 01:26:16,-31.95,141.43,78.8,50,32,5.82,scattered clouds
210,Narsaq,GL,2020-02-24 01:19:51,60.92,-46.05,23.0,67,100,13.87,snow
211,Suntar,RU,2020-02-24 01:26:17,62.14,117.63,-0.38,95,94,5.03,overcast clouds
212,Hailar,CN,2020-02-24 01:26:17,49.2,119.7,2.01,93,0,6.26,clear sky
213,Harlingen,US,2020-02-24 01:26:17,26.19,-97.7,73.99,78,75,13.87,broken clouds
214,Maltahohe,NA,2020-02-24 01:26:17,-24.83,16.98,69.28,67,9,4.03,clear sky
215,San Javier,ES,2020-02-24 01:26:18,37.81,-0.84,48.99,100,0,2.24,clear sky
216,Husavik,IS,2020-02-24 01:19:32,66.04,-17.34,22.64,73,28,9.01,scattered clouds
217,Mayo,US,2020-02-24 01:21:05,38.89,-76.51,48.99,58,1,5.82,clear sky
218,Cucutilla,CO,2020-02-24 01:26:18,7.54,-72.77,80.6,61,40,2.24,scattered clouds
219,Taoudenni,ML,2020-02-24 01:26:19,22.68,-3.98,73.8,10,53,16.58,broken clouds
220,Colchester,GB,2020-02-24 01:22:28,51.89,0.9,45.0,73,100,5.82,overcast clouds
221,Esperance,AU,2020-02-24 01:18:14,-33.87,121.9,69.8,77,90,14.99,overcast clouds
222,Kuytun,RU,2020-02-24 01:26:19,54.34,101.5,-1.08,99,26,2.15,scattered clouds
223,Rio Grande,BR,2020-02-24 01:21:23,-32.03,-52.1,68.0,75,1,13.8,clear sky
224,Nome,US,2020-02-24 01:18:20,64.5,-165.41,6.8,77,90,10.29,overcast clouds
225,Yulara,AU,2020-02-24 01:18:55,-25.24,130.99,86.0,23,0,17.22,clear sky
226,Beringovskiy,RU,2020-02-24 01:19:39,63.05,179.32,-7.49,86,5,3.44,clear sky
227,Vysokogornyy,RU,2020-02-24 01:26:21,50.12,139.15,5.43,93,100,1.83,overcast clouds
228,Sabha,LY,2020-02-24 01:26:21,27.04,14.43,48.97,61,0,7.07,clear sky
229,Lewistown,US,2020-02-24 01:26:21,40.6,-77.57,48.2,42,90,4.5,overcast clouds
230,Yarada,IN,2020-02-24 01:21:16,17.65,83.27,68.0,94,20,2.24,mist
231,Urumqi,CN,2020-02-24 01:26:21,43.8,87.6,30.2,86,40,2.24,mist
232,Pisco,PE,2020-02-24 01:26:22,-13.7,-76.22,75.2,78,75,10.29,broken clouds
233,Madera,US,2020-02-24 01:26:22,37.17,-119.83,66.2,51,1,8.05,clear sky
234,Codajas,BR,2020-02-24 01:26:22,-3.84,-62.06,76.48,93,80,1.39,light rain
235,Hilo,US,2020-02-24 01:16:51,19.73,-155.09,82.4,54,20,16.11,few clouds
236,Madinat Sittah Uktubar,EG,2020-02-24 01:26:23,29.82,31.05,50.0,81,75,4.7,broken clouds
237,Egvekinot,RU,2020-02-24 01:26:23,66.32,-179.17,-23.17,89,0,3.04,clear sky
238,Maniitsoq,GL,2020-02-24 01:26:23,65.42,-52.9,12.02,65,79,11.79,broken clouds
239,Codrington,AU,2020-02-24 01:26:23,-38.27,141.97,62.37,89,91,12.91,overcast clouds
240,Bowen,AU,2020-02-24 01:26:24,-20.02,148.23,82.4,78,90,5.82,overcast clouds
241,Careiro Da Varzea,BR,2020-02-24 01:26:24,-3.2,-59.81,82.4,83,20,3.36,few clouds
242,Kibala,TD,2020-02-24 01:26:24,9.11,18.35,80.6,16,0,6.93,clear sky
243,Dingle,PH,2020-02-24 01:20:07,11.0,122.67,75.58,86,67,12.39,light rain
244,Cabedelo,BR,2020-02-24 01:26:25,-6.98,-34.83,82.4,78,20,10.29,few clouds
245,Seymchan,RU,2020-02-24 01:26:25,62.88,152.43,-14.73,95,92,2.73,overcast clouds
246,Ambatondrazaka,MG,2020-02-24 01:26:25,-17.83,48.42,66.85,99,99,3.13,light rain
247,Harrison,US,2020-02-24 01:26:25,30.41,-89.04,60.8,67,90,4.7,overcast clouds
248,Melton Mowbray,GB,2020-02-24 01:26:25,52.77,-0.89,42.01,75,93,5.82,overcast clouds
249,Ihosy,MG,2020-02-24 01:26:26,-22.4,46.12,64.67,97,51,2.91,broken clouds
250,Ambilobe,MG,2020-02-24 01:20:06,-13.2,49.05,75.97,93,69,2.17,broken clouds
251,San Carlos De Bariloche,AR,2020-02-24 01:16:02,-41.15,-71.31,59.0,51,40,23.04,scattered clouds
252,Coihaique,CL,2020-02-24 01:16:56,-45.58,-72.07,57.2,50,75,3.36,broken clouds
253,Nortelandia,BR,2020-02-24 01:26:27,-14.45,-56.8,72.64,98,99,1.63,moderate rain
254,Maldonado,UY,2020-02-24 01:26:27,-34.67,-54.92,68.0,82,0,9.17,clear sky
255,Tigil,RU,2020-02-24 01:20:35,57.8,158.67,4.32,77,37,3.33,scattered clouds
256,Rio Gallegos,AR,2020-02-24 01:20:31,-51.62,-69.22,55.4,50,40,12.75,scattered clouds
257,Wattegama,LK,2020-02-24 01:26:27,6.8,81.48,75.2,100,20,8.05,few clouds
258,Upernavik,GL,2020-02-24 01:19:41,72.79,-56.15,-19.1,89,0,5.64,clear sky
259,Cayenne,GF,2020-02-24 01:17:40,4.93,-52.33,80.6,83,75,6.93,broken clouds
260,Asau,RO,2020-02-24 01:20:55,46.43,26.4,55.4,50,97,16.11,overcast clouds
261,Warrnambool,AU,2020-02-24 01:26:28,-38.38,142.48,69.01,84,100,10.83,overcast clouds
262,Maromitsa,RU,2020-02-24 01:26:29,59.87,48.01,29.01,90,100,12.75,light snow
263,Airai,TL,2020-02-24 01:17:37,-8.93,125.41,76.05,69,5,1.83,clear sky
264,Manyana,BW,2020-02-24 01:24:21,-23.4,21.72,69.28,82,98,6.78,light rain
265,Kiyevskoye,RU,2020-02-24 01:26:29,45.04,37.89,44.6,75,75,22.37,broken clouds
266,Teluknaga,ID,2020-02-24 01:26:29,-6.1,106.64,84.99,83,75,11.41,light rain
267,Zeya,RU,2020-02-24 01:26:30,53.75,127.27,2.73,94,85,3.89,overcast clouds
268,Fallon,US,2020-02-24 01:26:30,39.47,-118.78,62.6,27,75,18.34,broken clouds
269,High Rock,BS,2020-02-24 01:26:30,26.62,-78.28,68.0,68,75,8.05,broken clouds
270,Eregli,TR,2020-02-24 01:26:31,37.51,34.05,36.54,79,32,1.07,scattered clouds
271,Grafton,US,2020-02-24 01:26:31,42.21,-71.69,42.01,38,1,12.75,clear sky
272,Worland,US,2020-02-24 01:26:31,44.02,-107.96,37.0,79,1,0.2,clear sky
273,Ola,RU,2020-02-24 01:19:55,59.58,151.28,-4.07,86,33,5.46,scattered clouds
274,Kargasok,RU,2020-02-24 01:26:31,59.06,80.86,0.99,91,0,6.2,clear sky
275,Rudkobing,DK,2020-02-24 01:26:32,54.94,10.71,42.8,81,27,16.11,scattered clouds
276,Steamboat Springs,US,2020-02-24 01:26:15,40.48,-106.83,30.2,68,75,2.8,light snow
277,Provideniya,RU,2020-02-24 01:20:17,64.38,-173.3,-2.22,69,0,0.6,clear sky
278,Yaan,NG,2020-02-24 01:26:32,7.38,8.57,81.99,11,5,5.73,clear sky
279,Labuan,MY,2020-02-24 01:20:42,5.28,115.24,80.6,83,75,8.05,broken clouds
280,Cidreira,BR,2020-02-24 01:18:09,-30.18,-50.21,72.57,72,0,22.93,clear sky
281,Sragen,ID,2020-02-24 01:26:33,-7.43,111.02,78.8,88,40,4.7,haze
282,Aasiaat,GL,2020-02-24 01:26:33,68.71,-52.87,-3.51,89,52,7.78,broken clouds
283,Coldwater,US,2020-02-24 01:22:46,41.94,-85.0,45.0,70,1,5.82,clear sky
284,Iranshahr,IR,2020-02-24 01:26:33,27.2,60.68,62.6,55,13,4.7,few clouds
285,Lorengau,PG,2020-02-24 01:21:14,-2.02,147.27,83.28,72,63,3.22,broken clouds
286,Batemans Bay,AU,2020-02-24 01:26:34,-35.72,150.18,78.01,70,45,3.0,scattered clouds
287,Mogadishu,SO,2020-02-24 01:26:34,2.04,45.34,79.97,81,7,25.5,clear sky
288,Boralday,KZ,2020-02-24 01:26:34,43.36,76.86,32.0,90,75,2.24,mist
289,Shitanjing,CN,2020-02-24 01:26:34,39.23,106.34,36.9,34,100,2.62,overcast clouds
290,Tulle,FR,2020-02-24 01:26:35,45.33,1.83,37.0,97,0,3.36,clear sky
291,Constitucion,CL,2020-02-24 01:15:21,-35.33,-72.42,56.73,90,79,7.87,broken clouds
292,Storforshei,NO,2020-02-24 01:26:35,66.4,14.52,21.99,89,100,7.0,snow
293,Laguna,US,2020-02-24 01:18:50,38.42,-121.42,66.2,55,1,5.82,clear sky
294,Vardo,NO,2020-02-24 01:18:40,70.37,31.11,28.4,79,75,4.7,broken clouds
295,Naze,JP,2020-02-24 01:19:41,28.37,129.48,66.2,55,0,4.7,clear sky
296,Tongliao,CN,2020-02-24 01:26:36,43.61,122.27,25.77,57,33,4.0,scattered clouds
297,Acapulco,MX,2020-02-24 01:19:30,16.86,-99.89,80.6,83,20,9.17,few clouds
298,Kimbe,PG,2020-02-24 01:26:37,-5.55,150.14,84.45,73,40,4.34,light rain
299,Mangan,IN,2020-02-24 01:26:37,27.52,88.53,37.58,70,82,7.81,broken clouds
300,Torrington,US,2020-02-24 01:22:26,41.8,-73.12,42.8,41,1,3.36,clear sky
301,Soc Trang,VN,2020-02-24 01:21:45,9.6,105.98,77.0,78,28,4.7,scattered clouds
302,Tezu,IN,2020-02-24 01:20:59,27.92,96.17,56.62,66,20,2.77,light rain
303,Nelson Bay,AU,2020-02-24 01:26:38,-32.72,152.15,81.0,61,75,10.29,broken clouds
304,Ponta Do Sol,PT,2020-02-24 01:18:33,32.67,-17.1,69.01,48,20,16.11,few clouds
305,Hambantota,LK,2020-02-24 01:19:45,6.12,81.12,75.2,100,20,8.05,few clouds
306,Rawalpindi,PK,2020-02-24 01:26:38,33.6,73.07,53.01,100,41,4.7,mist
307,Verkhnetulomskiy,RU,2020-02-24 01:26:38,68.61,31.8,23.0,92,75,2.24,broken clouds
308,Lasa,IT,2020-02-24 01:19:35,46.62,10.7,46.4,56,5,6.93,clear sky
309,Te Anau,NZ,2020-02-24 01:26:39,-45.42,167.72,60.04,60,1,5.86,clear sky
310,Mayor Pablo Lagerenza,PY,2020-02-24 01:26:39,-19.93,-60.77,72.72,41,50,4.43,scattered clouds
311,Nioro,GM,2020-02-24 01:26:39,13.35,-15.75,83.01,31,100,11.97,light rain
312,Jalu,LY,2020-02-24 01:26:39,29.03,21.55,53.96,58,71,11.61,broken clouds
313,Tazovskiy,RU,2020-02-24 01:26:40,67.47,78.7,26.4,89,100,21.25,light snow
314,Cururupu,BR,2020-02-24 01:26:40,-1.83,-44.87,74.75,95,19,2.48,few clouds
315,Lewiston,US,2020-02-24 01:26:40,44.1,-70.21,35.01,86,1,2.53,clear sky
316,Mount Pleasant,US,2020-02-24 01:24:00,32.79,-79.86,55.4,81,90,3.8,overcast clouds
317,Hobyo,SO,2020-02-24 01:21:08,5.35,48.53,76.55,75,77,14.29,broken clouds
318,Port Hedland,AU,2020-02-24 01:21:12,-20.32,118.57,87.8,55,70,6.13,broken clouds
319,Abengourou,CI,2020-02-24 01:26:41,6.73,-3.5,78.08,80,60,1.99,broken clouds
320,Nan,TH,2020-02-24 01:26:41,18.83,100.67,60.8,87,0,2.24,clear sky
321,Zima,RU,2020-02-24 01:26:41,53.92,102.04,0.18,98,15,2.28,few clouds
322,Padang,ID,2020-02-24 01:18:44,-0.95,100.35,70.65,86,0,6.38,clear sky
323,Bubaque,GW,2020-02-24 01:21:01,11.28,-15.83,78.87,71,85,23.85,overcast clouds
324,Chapais,CA,2020-02-24 01:20:07,49.78,-74.85,28.4,79,90,11.41,overcast clouds
325,Dubove,UA,2020-02-24 01:26:42,48.17,23.89,45.0,93,100,6.93,moderate rain
326,Malakal,SS,2020-02-24 01:21:28,9.53,31.66,76.66,12,5,6.82,clear sky
327,Altamont,US,2020-02-24 01:26:43,42.21,-121.74,48.99,49,1,20.8,clear sky
328,Novosergiyevka,RU,2020-02-24 01:26:43,52.09,53.65,25.36,96,100,15.46,light snow
329,Morondava,MG,2020-02-24 01:26:43,-20.28,44.28,74.79,95,85,1.77,light rain
330,Launceston,AU,2020-02-24 01:18:52,-41.45,147.17,71.01,72,40,9.17,scattered clouds
331,Alofi,NU,2020-02-24 01:19:55,-19.06,-169.92,82.4,88,100,10.29,light rain
332,Rapid Valley,US,2020-02-24 01:26:44,44.06,-103.15,39.99,55,1,9.17,clear sky
333,Almaznyy,RU,2020-02-24 01:26:44,48.04,40.05,39.2,86,40,20.13,light intensity shower rain
334,Yar-Sale,RU,2020-02-24 01:20:08,66.83,70.83,29.5,85,98,25.1,overcast clouds
335,Ugoofaaru,MV,2020-02-24 01:19:45,5.67,73.0,83.14,74,42,18.61,scattered clouds
336,Agirish,RU,2020-02-24 01:26:44,61.92,63.02,24.57,83,24,15.05,few clouds
337,Alegrete,BR,2020-02-24 01:26:45,-29.78,-55.79,67.77,55,0,9.31,clear sky
338,Asyut,EG,2020-02-24 01:18:02,27.18,31.18,51.8,66,56,9.17,broken clouds
339,Lakes Entrance,AU,2020-02-24 01:26:45,-37.88,147.98,80.01,41,96,8.59,overcast clouds
340,Rocha,UY,2020-02-24 01:23:26,-34.48,-54.33,63.05,78,0,9.19,clear sky
341,Nishihara,JP,2020-02-24 01:26:46,26.18,127.76,69.8,60,20,11.41,few clouds
342,Mormugao,IN,2020-02-24 01:26:46,15.4,73.8,77.0,65,0,5.82,clear sky
343,Jeremoabo,BR,2020-02-24 01:26:46,-10.07,-38.48,77.86,72,100,7.36,overcast clouds
344,Tieli,CN,2020-02-24 01:26:46,46.95,128.05,11.17,95,100,5.73,light snow
345,Visnes,NO,2020-02-24 01:26:47,59.36,5.22,39.2,69,83,13.87,light rain
346,Longyearbyen,SJ,2020-02-24 01:19:56,78.22,15.64,-5.8,83,40,4.7,scattered clouds
347,Chamba,IN,2020-02-24 01:26:47,32.57,76.13,46.45,31,0,8.59,clear sky
348,Shwebo,MM,2020-02-24 01:26:47,22.57,95.7,66.85,65,22,7.61,few clouds
349,Vite,IN,2020-02-24 01:26:48,17.28,74.55,68.22,41,0,5.19,clear sky
350,Mildura,AU,2020-02-24 01:26:48,-34.2,142.15,82.99,44,68,8.05,broken clouds
351,Kununurra,AU,2020-02-24 01:21:18,-15.77,128.73,93.2,52,44,11.41,scattered clouds
352,Mitu,CO,2020-02-24 01:26:48,1.2,-70.17,74.95,96,100,1.5,light rain
353,Lumphat,KH,2020-02-24 01:26:48,13.49,106.98,62.35,75,0,6.89,clear sky
354,Lomonosov,RU,2020-02-24 01:26:49,59.91,29.77,35.6,93,90,8.95,light intensity shower rain
355,Sur,OM,2020-02-24 01:26:49,22.57,59.53,69.98,58,0,3.96,clear sky
356,Yermakovskoye,RU,2020-02-24 01:26:49,53.28,92.4,7.75,97,89,1.25,light snow
357,Nueva Loja,EC,2020-02-24 01:26:49,0.08,-76.88,71.51,99,100,2.37,light rain
358,Sola,VU,2020-02-24 01:19:44,-13.88,167.55,89.6,66,75,5.82,broken clouds
359,Shetpe,KZ,2020-02-24 01:26:50,44.17,52.12,43.3,93,100,5.73,overcast clouds
360,Bathsheba,BB,2020-02-24 01:26:50,13.22,-59.52,80.6,78,40,14.99,scattered clouds
361,Black River,JM,2020-02-24 01:26:50,18.03,-77.85,78.8,65,20,4.7,few clouds
362,Buala,SB,2020-02-24 01:26:50,-8.14,159.59,85.53,68,25,3.22,light rain
363,Oxford,GB,2020-02-24 01:26:51,51.75,-1.26,45.0,81,90,8.05,overcast clouds
364,Vila Velha,BR,2020-02-24 01:19:47,-20.33,-40.29,75.2,73,90,8.05,overcast clouds
365,Wangqing,CN,2020-02-24 01:26:51,43.32,129.76,22.26,79,16,10.51,few clouds
366,Makarov,RU,2020-02-24 01:26:51,48.63,142.8,10.09,83,11,2.46,few clouds
367,Aykhal,RU,2020-02-24 01:20:27,66.0,111.5,6.8,92,100,6.71,overcast clouds
368,Lagoa,PT,2020-02-24 01:21:20,39.05,-27.98,60.15,80,43,12.01,scattered clouds
369,Port Macquarie,AU,2020-02-24 01:23:00,-31.43,152.92,73.4,94,90,3.36,overcast clouds
370,Hammerfest,NO,2020-02-24 01:23:59,70.66,23.68,33.8,80,75,13.87,broken clouds
371,Coria,ES,2020-02-24 01:26:52,39.99,-6.54,50.0,80,0,2.35,clear sky
372,Leningradskiy,RU,2020-02-24 01:18:24,69.38,178.42,-13.7,73,100,5.46,overcast clouds
373,Polewali,ID,2020-02-24 01:26:52,-3.43,119.34,78.31,81,89,0.74,overcast clouds
374,Nanortalik,GL,2020-02-24 01:19:46,60.14,-45.24,27.09,90,100,5.53,light snow
375,Taunggyi,MM,2020-02-24 01:26:53,20.78,97.03,55.35,67,0,3.8,clear sky
376,Gallup,US,2020-02-24 01:23:14,35.53,-108.74,37.4,86,75,6.93,light rain
377,Ebolowa,CM,2020-02-24 01:26:53,2.9,11.15,70.32,98,30,3.29,scattered clouds
378,Katobu,ID,2020-02-24 01:26:54,-4.94,122.53,81.01,86,98,1.79,light rain
379,Kamaishi,JP,2020-02-24 01:21:02,39.27,141.88,42.8,56,40,5.82,scattered clouds
380,Bentiu,SS,2020-02-24 01:26:54,9.23,29.83,78.51,11,56,4.76,broken clouds
381,Karratha,AU,2020-02-24 01:20:45,-20.74,116.85,81.79,69,37,14.23,scattered clouds
382,Namtsy,RU,2020-02-24 01:26:55,62.72,129.67,-13.0,75,92,2.24,overcast clouds
383,Neiva,CO,2020-02-24 01:26:55,2.93,-75.28,77.0,83,75,2.24,broken clouds
384,Skala,PL,2020-02-24 01:26:55,50.23,19.85,45.0,70,75,24.16,broken clouds
385,Usinsk,RU,2020-02-24 01:19:57,65.99,57.53,27.25,90,100,28.63,light snow
386,Agadez,NE,2020-02-24 01:26:56,19.75,10.25,59.52,27,43,17.69,scattered clouds
387,Abu Samrah,SY,2020-02-24 01:26:56,35.3,37.18,48.97,78,4,6.38,clear sky
388,Hanko,FI,2020-02-24 01:26:56,59.83,22.95,36.0,89,59,1.99,broken clouds
389,Talaya,RU,2020-02-24 01:26:56,61.38,152.75,-14.87,98,90,0.98,overcast clouds
390,Moree,AU,2020-02-24 01:26:56,-29.47,149.85,77.0,61,90,3.36,overcast clouds
391,Talnakh,RU,2020-02-24 01:21:18,69.49,88.4,17.6,92,90,33.55,overcast clouds
392,Grand Gaube,MU,2020-02-24 01:26:57,-20.01,57.66,73.99,94,20,3.36,few clouds
393,Aktanysh,RU,2020-02-24 01:26:57,55.72,54.08,24.87,93,100,19.89,light snow
394,Antalaha,MG,2020-02-24 01:20:49,-14.9,50.28,76.77,90,100,1.97,moderate rain
395,Susurluk,TR,2020-02-24 01:26:57,39.91,28.16,39.99,92,18,1.12,few clouds
396,Lai,TD,2020-02-24 01:26:58,9.4,16.3,77.07,11,0,7.7,clear sky
397,Samarai,PG,2020-02-24 01:26:58,-10.62,150.67,84.56,73,58,3.36,light rain
398,Ayan,RU,2020-02-24 01:21:19,56.45,138.17,4.59,77,6,4.38,clear sky
399,Port-Gentil,GA,2020-02-24 01:20:16,-0.72,8.78,82.22,79,89,9.91,overcast clouds
400,Tessalit,ML,2020-02-24 01:20:49,20.2,1.01,71.02,16,4,12.75,clear sky
401,Joshimath,IN,2020-02-24 01:26:59,30.57,79.57,26.92,48,34,9.15,scattered clouds
402,Xianyang,CN,2020-02-24 01:26:59,34.34,108.7,53.01,52,13,2.24,few clouds
403,Shihezi,CN,2020-02-24 01:26:59,44.3,86.03,21.29,89,100,4.45,overcast clouds
404,Bafq,IR,2020-02-24 01:26:59,31.61,55.41,52.54,35,44,2.86,scattered clouds
405,Dillon,US,2020-02-24 01:24:31,34.42,-79.37,54.0,57,1,5.82,clear sky
406,Ulladulla,AU,2020-02-24 01:27:00,-35.35,150.47,82.4,42,5,8.05,clear sky
407,Sambava,MG,2020-02-24 01:27:00,-14.27,50.17,73.44,98,100,1.01,light rain
408,Sibolga,ID,2020-02-24 01:21:20,1.74,98.78,70.74,88,34,4.12,scattered clouds
409,Cap-Aux-Meules,CA,2020-02-24 01:27:01,47.38,-61.86,30.2,74,5,12.75,clear sky
410,Medvedovskaya,RU,2020-02-24 01:27:01,45.45,39.03,43.0,81,75,8.95,broken clouds
411,Truro,GB,2020-02-24 01:24:06,50.27,-5.05,51.8,93,100,20.8,light rain
412,Rosario,AR,2020-02-24 01:26:43,-32.95,-60.64,73.0,72,17,5.82,few clouds
413,Wairoa,NZ,2020-02-24 01:27:01,-39.03,177.37,63.0,71,95,8.01,light rain
414,Nuuk,GL,2020-02-24 01:27:02,64.18,-51.72,15.8,66,98,12.75,light snow
415,Bardiyah,LY,2020-02-24 01:27:02,31.76,25.09,55.22,71,16,21.88,light rain
416,Tucuman,AR,2020-02-24 01:23:44,-26.82,-65.22,68.0,82,40,2.24,scattered clouds
417,Tolosa,FR,2020-02-24 01:27:03,43.6,1.44,50.0,100,0,3.36,mist
418,Yerbogachen,RU,2020-02-24 01:27:03,61.28,108.01,15.89,90,100,11.99,overcast clouds
419,Qasigiannguit,GL,2020-02-24 01:27:03,68.82,-51.19,1.4,70,54,10.29,broken clouds
420,La Paz,BO,2020-02-24 01:26:09,-16.5,-68.15,48.2,87,75,8.05,light rain
421,Kandrian,PG,2020-02-24 01:23:04,-6.22,149.55,85.8,68,55,7.25,broken clouds
422,Sligo,IE,2020-02-24 01:27:04,54.27,-8.47,33.01,93,100,11.01,moderate rain
423,Moscow,RU,2020-02-24 01:24:43,55.75,37.62,37.0,86,75,8.95,broken clouds
424,Abu Zabad,SD,2020-02-24 01:27:04,12.35,29.25,67.77,16,12,12.17,few clouds
425,Uglegorsk,RU,2020-02-24 01:22:25,49.08,142.03,14.49,86,40,9.24,scattered clouds
426,Pangnirtung,CA,2020-02-24 01:20:12,66.15,-65.71,-32.33,97,100,0.78,overcast clouds
427,Havre-Saint-Pierre,CA,2020-02-24 01:27:05,50.23,-63.6,26.6,100,90,6.15,fog
428,Ilorin,NG,2020-02-24 01:27:05,8.5,4.55,77.0,41,1,5.82,clear sky
429,Lalibela,ET,2020-02-24 01:27:06,12.03,39.03,60.4,60,22,1.39,few clouds
430,Coruche,PT,2020-02-24 01:27:06,38.96,-8.53,63.0,93,0,2.24,clear sky
431,Gusau,NG,2020-02-24 01:27:06,12.16,6.66,72.23,17,0,13.87,clear sky
432,La Rioja,ES,2020-02-24 01:20:14,42.25,-2.5,39.0,35,0,4.7,clear sky
433,Unai,BR,2020-02-24 01:27:07,-16.36,-46.91,71.6,91,99,3.27,moderate rain
434,Atambua,ID,2020-02-24 01:27:07,-9.11,124.89,80.92,78,21,1.23,few clouds
435,Pochutla,MX,2020-02-24 01:19:26,15.74,-96.47,82.4,69,75,14.09,broken clouds
436,Holetown,BB,2020-02-24 01:27:07,13.19,-59.64,80.6,78,40,14.99,scattered clouds
437,Menongue,AO,2020-02-24 01:27:08,-14.66,17.69,62.64,98,100,1.66,light rain
438,Porto Walter,BR,2020-02-24 01:27:08,-8.27,-72.74,74.07,83,45,1.92,scattered clouds
439,Knysna,ZA,2020-02-24 01:27:08,-34.04,23.05,53.6,87,5,1.12,clear sky
440,Miraflores,MX,2020-02-24 01:27:08,19.22,-98.81,84.2,27,40,11.41,scattered clouds
441,Makakilo City,US,2020-02-24 01:21:12,21.35,-158.09,82.4,54,1,16.11,clear sky
442,Nchelenge,ZM,2020-02-24 01:27:09,-9.35,28.73,71.2,87,100,3.0,light rain
443,Nalut,LY,2020-02-24 01:27:09,30.33,10.85,48.83,60,0,7.78,clear sky
444,Bereda,ES,2020-02-24 01:27:09,43.27,-7.54,48.0,100,90,2.24,fog
445,Lokosovo,RU,2020-02-24 01:27:10,61.13,74.82,23.95,92,100,8.59,overcast clouds
446,Alto Araguaia,BR,2020-02-24 01:26:19,-17.31,-53.22,70.3,96,97,4.47,moderate rain
447,Shingu,JP,2020-02-24 01:27:10,33.73,135.98,53.6,34,0,5.82,clear sky
448,Verkh-Usugli,RU,2020-02-24 01:27:10,52.7,115.17,1.99,85,0,2.95,clear sky
449,Montepuez,MZ,2020-02-24 01:27:10,-13.13,39.0,71.92,98,100,3.04,light rain
450,Imeni Poliny Osipenko,RU,2020-02-24 01:27:11,52.42,136.49,4.05,94,58,3.6,broken clouds
451,Mangrol,IN,2020-02-24 01:27:11,21.12,70.12,75.36,49,25,16.91,scattered clouds
452,Parbatipur,BD,2020-02-24 01:27:11,25.66,88.92,70.23,48,79,5.93,light rain
453,Qui Nhon,VN,2020-02-24 01:27:11,13.77,109.23,62.37,86,36,3.47,scattered clouds
454,San Quintin,MX,2020-02-24 01:19:31,30.48,-115.95,59.22,74,3,19.01,clear sky
455,Tilichiki,RU,2020-02-24 01:19:50,60.47,166.1,-0.27,87,100,7.9,overcast clouds
456,Beloha,MG,2020-02-24 01:27:12,-25.17,45.05,75.25,90,99,5.12,overcast clouds
457,Warburg,DE,2020-02-24 01:27:12,51.5,9.17,41.0,80,75,12.75,broken clouds
458,Tukrah,LY,2020-02-24 01:27:12,32.53,20.58,55.0,73,79,17.22,light rain
459,Hendek,TR,2020-02-24 01:27:13,40.8,30.75,28.4,100,3,3.18,clear sky
460,Aleksandrov Gay,RU,2020-02-24 01:19:39,50.15,48.57,31.87,88,100,15.86,overcast clouds
461,Sungaipenuh,ID,2020-02-24 01:25:58,-2.08,101.38,62.71,97,67,3.02,broken clouds
462,Ostrovnoy,RU,2020-02-24 01:19:57,68.05,39.51,27.5,92,100,12.93,light snow
463,Oksovskiy,RU,2020-02-24 01:27:13,62.61,39.9,31.98,95,98,9.24,light snow
464,Itacoatiara,BR,2020-02-24 01:22:42,-3.14,-58.44,76.93,91,59,2.73,light rain
465,Sri Aman,MY,2020-02-24 01:27:14,1.24,111.46,78.8,88,75,2.24,broken clouds
466,Lucapa,AO,2020-02-24 01:20:45,-8.42,20.74,68.45,94,100,5.68,overcast clouds
467,Likasi,CD,2020-02-24 01:25:53,-10.98,26.73,63.1,97,100,6.22,light rain
468,Cozumel,MX,2020-02-24 01:27:15,20.51,-86.95,75.99,83,40,3.36,scattered clouds
469,Andenes,NO,2020-02-24 01:27:15,69.31,16.12,32.0,88,100,28.86,light snow
470,Canyon Lake,US,2020-02-24 01:27:15,29.88,-98.26,70.0,64,90,10.29,overcast clouds
471,Lachi,PK,2020-02-24 01:27:16,33.38,71.34,56.07,55,67,1.9,broken clouds
472,Janow Lubelski,PL,2020-02-24 01:27:16,50.71,22.41,44.01,100,75,16.11,light intensity shower rain
473,Namibe,AO,2020-02-24 01:19:30,-15.2,12.15,73.27,80,100,6.26,overcast clouds
474,Rive-De-Gier,FR,2020-02-24 01:27:16,45.53,4.62,50.0,75,0,1.12,clear sky
475,Dryden,CA,2020-02-24 01:27:16,49.78,-92.75,33.8,69,90,18.34,overcast clouds
476,Camacha,PT,2020-02-24 01:27:17,33.08,-16.33,66.2,82,20,12.75,few clouds
477,Camana,PE,2020-02-24 01:27:17,-16.62,-72.71,69.08,80,22,4.99,few clouds
478,Itoman,JP,2020-02-24 01:26:27,26.12,127.67,69.8,60,20,11.41,few clouds
479,Vyartsilya,RU,2020-02-24 01:27:18,62.18,30.69,29.26,94,90,7.2,overcast clouds
480,Portsmouth,GB,2020-02-24 01:27:18,50.8,-1.09,46.0,93,100,3.36,light rain
481,Cam Ranh,VN,2020-02-24 01:27:18,11.92,109.16,78.8,61,20,10.29,few clouds
482,Santiago De Cao,PE,2020-02-24 01:18:23,-7.96,-79.24,73.4,88,75,8.05,mist
483,Beyneu,KZ,2020-02-24 01:27:18,45.32,55.2,41.41,87,100,17.67,light rain
484,Saint Anthony,US,2020-02-24 01:21:26,45.02,-93.22,37.99,69,1,12.75,clear sky
485,Oranjemund,NA,2020-02-24 01:20:19,-28.55,16.43,71.67,47,0,2.71,clear sky
486,Hamilton,US,2020-02-24 01:25:31,39.18,-84.53,48.99,60,1,3.36,clear sky
487,Guerrero Negro,MX,2020-02-24 01:17:16,27.98,-114.06,62.56,66,100,18.92,overcast clouds
488,Araguaina,BR,2020-02-24 01:26:44,-7.19,-48.21,77.0,85,34,3.76,light rain
489,Plerin,FR,2020-02-24 01:27:19,48.54,-2.78,54.0,93,90,16.11,overcast clouds
490,Tiarei,PF,2020-02-24 01:27:20,-17.53,-149.33,86.0,70,40,14.99,scattered clouds
491,Twante,MM,2020-02-24 01:27:20,16.72,95.93,73.4,88,40,2.24,mist
492,Loandjili,CG,2020-02-24 01:27:20,-4.76,11.86,78.8,94,20,3.36,mist
493,Bundaberg,AU,2020-02-24 01:27:20,-24.85,152.35,80.6,78,90,13.87,heavy intensity rain
494,Sukabumi,ID,2020-02-24 01:27:20,-6.92,106.93,73.0,100,55,1.99,light rain
495,Garland,US,2020-02-24 01:27:21,32.91,-96.64,57.99,100,90,13.87,overcast clouds
496,Quatre Cocos,MU,2020-02-24 01:20:57,-20.21,57.76,73.99,94,20,3.36,few clouds
497,Vredendal,ZA,2020-02-24 01:20:44,-31.67,18.5,75.0,24,0,11.01,clear sky
498,Hollins,US,2020-02-24 01:24:15,37.34,-79.94,53.6,30,40,5.82,scattered clouds
499,Mabaruma,GY,2020-02-24 01:27:22,8.2,-59.78,73.4,99,51,3.04,light rain
500,Santa Rosalia,MX,2020-02-24 01:27:22,27.32,-112.28,61.47,36,100,7.87,overcast clouds
501,Nanning,CN,2020-02-24 01:27:22,22.82,108.32,64.4,88,6,2.24,clear sky
502,Beeville,US,2020-02-24 01:22:45,28.4,-97.75,70.0,88,90,10.29,overcast clouds
503,Pinhao,BR,2020-02-24 01:27:22,-25.7,-51.66,61.0,98,72,3.04,light rain
504,Yatou,CN,2020-02-24 01:23:14,37.15,122.38,43.7,83,32,10.6,scattered clouds
505,Morro Bay,US,2020-02-24 01:27:23,35.37,-120.85,62.6,82,1,9.17,haze
506,Ardakan,IR,2020-02-24 01:27:23,32.31,54.02,48.2,31,43,4.7,scattered clouds
507,Hirara,JP,2020-02-24 01:27:23,24.8,125.28,71.6,64,75,10.29,broken clouds
508,Varzea Grande,BR,2020-02-24 01:27:23,-15.65,-56.13,75.2,88,75,4.7,light rain
509,Westport,US,2020-02-24 01:20:35,41.14,-73.36,45.0,56,1,4.7,clear sky
510,Avigliana,IT,2020-02-24 01:27:24,45.08,7.4,46.0,86,75,3.36,broken clouds
511,Torbay,CA,2020-02-24 01:17:05,47.67,-52.73,30.0,79,5,13.87,clear sky
512,Baracoa,CU,2020-02-24 01:27:24,20.35,-74.5,75.52,78,32,19.84,light rain
513,Kodinsk,RU,2020-02-24 01:21:29,58.69,99.18,8.19,96,90,4.5,overcast clouds
514,Savino,RU,2020-02-24 01:27:25,56.59,41.22,29.61,97,33,10.6,light snow
515,Yumen,CN,2020-02-24 01:27:25,40.28,97.2,25.56,53,0,8.37,clear sky
516,Proletariy,RU,2020-02-24 01:27:25,58.43,31.7,34.99,89,100,10.25,overcast clouds
517,Vestmanna,FO,2020-02-24 01:20:51,62.16,-7.17,35.6,74,8,12.75,clear sky
518,Bella Union,UY,2020-02-24 01:27:26,-30.28,-57.6,68.16,53,0,5.48,clear sky
519,Agropoli,IT,2020-02-24 01:27:26,40.35,15.0,55.0,87,83,1.01,broken clouds
520,Klaksvik,FO,2020-02-24 01:18:38,62.23,-6.59,35.6,74,10,12.75,clear sky
521,Deputatskiy,RU,2020-02-24 01:27:26,69.3,139.9,-20.7,94,3,3.27,clear sky
522,Umm Lajj,SA,2020-02-24 01:19:11,25.02,37.27,60.4,46,100,5.1,overcast clouds
523,Sukhumi,GE,2020-02-24 01:27:27,43.0,41.02,42.01,77,44,4.12,scattered clouds
524,Bahia Blanca,AR,2020-02-24 01:27:27,-38.72,-62.27,77.25,25,0,18.37,clear sky
525,Golkoy,TR,2020-02-24 01:27:05,40.69,37.62,37.4,100,20,7.34,few clouds
526,Nouadhibou,MR,2020-02-24 01:27:27,20.93,-17.03,69.8,73,100,8.05,light rain
527,Manta,EC,2020-02-24 01:24:57,-0.95,-80.73,82.4,83,75,6.93,broken clouds
528,Arlit,NE,2020-02-24 01:21:09,18.74,7.39,64.92,19,10,8.52,clear sky
529,Kamuli,UG,2020-02-24 01:27:28,0.95,33.12,72.81,74,100,3.02,overcast clouds
530,Virginia Beach,US,2020-02-24 01:18:34,36.85,-75.98,53.6,57,75,5.82,broken clouds
531,Tamiahua,MX,2020-02-24 01:27:28,21.27,-97.45,71.71,85,41,12.24,scattered clouds
532,Kalabo,ZM,2020-02-24 01:27:29,-14.97,22.68,68.94,95,100,5.06,light rain
533,Kautokeino,NO,2020-02-24 01:27:29,69.01,23.04,17.2,85,71,3.44,broken clouds
534,Gualan,GT,2020-02-24 01:27:29,15.13,-89.37,70.25,77,30,5.64,scattered clouds
535,Mount Isa,AU,2020-02-24 01:21:11,-20.73,139.5,86.0,62,90,16.11,overcast clouds
536,Bira,RU,2020-02-24 01:24:24,49.0,132.47,13.28,83,100,1.05,overcast clouds
537,Paamiut,GL,2020-02-24 01:26:23,61.99,-49.67,15.49,67,100,4.41,overcast clouds
538,Fairbanks,US,2020-02-24 01:17:38,64.84,-147.72,0.0,70,20,4.7,few clouds
539,Bulgan,MN,2020-02-24 01:27:30,48.81,103.53,8.47,94,100,1.72,overcast clouds
540,Pundaguitan,PH,2020-02-24 01:27:30,6.37,126.17,79.45,82,85,9.62,light rain
541,Ucluelet,CA,2020-02-24 01:23:58,48.93,-125.55,46.0,81,75,34.45,broken clouds
542,Bay City,US,2020-02-24 01:25:56,43.59,-83.89,44.6,69,1,9.17,clear sky
543,Ino,JP,2020-02-24 01:27:31,33.55,133.43,51.8,50,20,2.24,few clouds
544,Dornoch,GB,2020-02-24 01:25:58,57.88,-4.03,36.0,83,33,6.93,scattered clouds
545,Rawson,AR,2020-02-24 01:17:14,-43.3,-65.1,61.47,84,0,13.76,clear sky
546,Kingsport,US,2020-02-24 01:27:31,36.55,-82.56,46.99,45,75,3.47,broken clouds
547,Carupano,VE,2020-02-24 01:27:32,10.67,-63.26,71.87,97,38,0.92,scattered clouds
548,Goundam,ML,2020-02-24 01:27:32,16.41,-3.67,80.87,10,0,14.7,clear sky
549,Sheridan,US,2020-02-24 01:27:32,44.83,-106.92,33.01,76,40,8.05,scattered clouds
550,Izhma,RU,2020-02-24 01:27:33,65.01,53.91,27.1,90,100,15.7,light snow
551,Tahoua,NE,2020-02-24 01:27:33,14.89,5.27,75.2,15,0,11.41,dust
552,Plettenberg Bay,ZA,2020-02-24 01:21:14,-34.05,23.37,60.55,74,2,4.05,clear sky
553,Half Moon Bay,US,2020-02-24 01:23:44,37.46,-122.43,63.0,67,20,13.87,few clouds
554,Poso,ID,2020-02-24 01:27:33,-1.4,120.75,72.43,81,98,2.39,light rain
555,Mana,GF,2020-02-24 01:27:34,5.66,-53.78,74.35,91,61,3.53,broken clouds
556,Yerofey Pavlovich,RU,2020-02-24 01:27:34,53.97,121.97,3.9,87,11,3.02,few clouds
557,Lumberton,US,2020-02-24 01:27:34,34.62,-79.01,51.8,46,1,8.05,clear sky
558,Noumea,NC,2020-02-24 01:23:18,-22.28,166.46,87.8,55,79,14.99,broken clouds
559,Serenje,ZM,2020-02-24 01:20:59,-13.23,30.24,65.52,97,100,1.41,light rain
560,Xining,CN,2020-02-24 01:20:59,36.62,101.77,24.28,67,0,0.87,clear sky
561,Cuamba,MZ,2020-02-24 01:26:25,-14.8,36.54,69.85,97,96,3.42,light rain
562,General Pico,AR,2020-02-24 01:27:35,-35.66,-63.76,74.52,26,0,12.59,clear sky
