City_ID,City,Country,Date,Lat,Lng,Max Temp,Humidity,Cloudiness,Wind Speed,Weather description,Rain,Snow
0,Ketchikan,US,2020-02-24 09:39:17,55.34,-131.65,33.8,92,75,3.36,broken clouds,0.0,0.0
1,Aklavik,CA,2020-02-24 09:39:17,68.22,-135.01,-9.4,76,40,3.71,light snow,0.0,0.0
2,Sokoni,TZ,2020-02-24 09:39:17,-6.43,39.55,89.6,70,75,10.29,broken clouds,0.0,0.0
3,Ushuaia,AR,2020-02-24 09:35:03,-54.8,-68.3,41.0,86,90,14.99,light intensity drizzle,0.0,0.0
4,Pevek,RU,2020-02-24 09:39:17,69.7,170.31,-21.35,93,0,8.01,clear sky,0.0,0.0
5,Castro,BR,2020-02-24 09:39:18,-24.79,-50.01,56.34,95,98,5.79,overcast clouds,0.0,0.0
6,Ilulissat,GL,2020-02-24 09:39:18,69.22,-51.1,3.2,71,97,3.36,overcast clouds,0.0,0.0
7,Katobu,ID,2020-02-24 09:39:18,-4.94,122.53,82.58,89,81,2.75,moderate rain,3.06,0.0
8,Thompson,CA,2020-02-24 09:35:16,55.74,-97.86,-0.4,77,40,5.82,scattered clouds,0.0,0.0
9,Nanortalik,GL,2020-02-24 09:39:19,60.14,-45.24,23.79,71,82,10.38,broken clouds,0.0,0.0
10,Laguna,US,2020-02-24 09:39:19,38.42,-121.42,52.0,87,1,2.93,clear sky,0.0,0.0
11,Nago,JP,2020-02-24 09:39:19,26.59,127.98,68.0,56,20,10.29,few clouds,0.0,0.0
12,Hilo,US,2020-02-24 09:38:17,19.73,-155.09,68.0,82,1,3.36,clear sky,0.0,0.0
13,Cristalina,BR,2020-02-24 09:39:20,-16.77,-47.61,67.06,98,100,4.36,overcast clouds,0.0,0.0
14,Kamaishi,JP,2020-02-24 09:39:20,39.27,141.88,42.8,81,75,4.7,light intensity shower rain,0.0,0.0
15,Saskylakh,RU,2020-02-24 09:39:20,71.92,114.08,15.13,93,100,9.44,light snow,0.0,0.19
16,Saint-Philippe,RE,2020-02-24 09:39:20,-21.36,55.77,86.0,66,14,9.17,few clouds,0.0,0.0
17,Rikitea,PF,2020-02-24 09:39:21,-23.12,-134.97,79.21,72,0,7.92,light rain,0.44,0.0
18,Mar Del Plata,AR,2020-02-24 09:39:21,-38.0,-57.56,64.0,93,20,10.29,few clouds,0.0,0.0
19,Cabo San Lucas,MX,2020-02-24 09:37:29,22.89,-109.91,63.0,73,11,5.99,few clouds,0.0,0.0
20,Albany,US,2020-02-24 09:34:52,42.6,-73.97,35.6,47,75,3.36,broken clouds,0.0,0.0
21,Fortuna,US,2020-02-24 09:39:22,40.6,-124.16,43.0,86,1,3.29,clear sky,0.0,0.0
22,Hambantota,LK,2020-02-24 09:39:22,6.12,81.12,91.4,63,40,17.22,scattered clouds,0.0,0.0
23,Avarua,CK,2020-02-24 09:39:22,-21.21,-159.78,77.0,100,100,2.24,overcast clouds,0.0,0.0
24,Punta Arenas,CL,2020-02-24 09:39:22,-53.15,-70.92,44.6,75,75,14.99,broken clouds,0.0,0.0
25,Alcudia,ES,2020-02-24 09:39:23,39.85,3.12,63.0,76,0,2.24,clear sky,0.0,0.0
26,Iqaluit,CA,2020-02-24 09:37:16,63.75,-68.51,-25.01,67,75,4.47,broken clouds,0.0,0.0
27,Hailar,CN,2020-02-24 09:39:23,49.2,119.7,6.85,88,0,3.67,clear sky,0.0,0.0
28,Wanganui,NZ,2020-02-24 09:39:23,-39.93,175.05,60.01,71,23,1.01,few clouds,0.0,0.0
29,Hobart,AU,2020-02-24 09:35:33,-42.88,147.33,66.2,68,75,12.75,broken clouds,0.0,0.0
30,Shimoda,JP,2020-02-24 09:39:24,34.67,138.95,52.0,55,0,4.0,clear sky,0.0,0.0
31,Hailun,CN,2020-02-24 09:39:24,47.45,126.93,20.93,90,100,8.05,light snow,0.0,0.13
32,Barrow,US,2020-02-24 09:39:24,71.29,-156.79,-18.4,82,20,14.99,few clouds,0.0,0.0
33,New Norfolk,AU,2020-02-24 09:39:24,-42.78,147.06,66.2,68,75,12.75,broken clouds,0.0,0.0
34,Caravelas,BR,2020-02-24 09:39:24,-17.71,-39.25,79.25,84,82,10.76,light rain,2.13,0.0
35,Ostrovnoy,RU,2020-02-24 09:39:25,68.05,39.51,23.22,91,100,4.85,overcast clouds,0.0,0.0
36,Victoria,HK,2020-02-24 09:39:25,22.29,114.16,75.0,68,40,12.75,scattered clouds,0.0,0.0
37,Anadyr,RU,2020-02-24 09:39:25,64.75,177.48,-11.2,76,60,6.71,broken clouds,0.0,0.0
38,Dawlatabad,AF,2020-02-24 09:39:25,36.41,64.91,65.3,50,0,4.79,clear sky,0.0,0.0
39,Longyearbyen,SJ,2020-02-24 09:39:25,78.22,15.64,-4.0,76,20,2.24,few clouds,0.0,0.0
40,Rocha,UY,2020-02-24 09:39:26,-34.48,-54.33,54.28,95,51,6.6,broken clouds,0.0,0.0
41,Qaanaaq,GL,2020-02-24 09:39:26,77.48,-69.36,-14.13,49,0,5.39,clear sky,0.0,0.0
42,Half Moon Bay,US,2020-02-24 09:39:26,37.46,-122.43,50.0,87,1,14.05,clear sky,0.0,0.0
43,Atuona,PF,2020-02-24 09:39:26,-9.8,-139.03,80.94,81,15,13.94,few clouds,0.0,0.0
44,Narsaq,GL,2020-02-24 09:39:26,60.92,-46.05,23.0,79,100,6.93,light snow,0.0,0.0
45,Bluff,NZ,2020-02-24 09:39:27,-46.6,168.33,62.01,71,100,4.0,overcast clouds,0.0,0.0
46,Cabedelo,BR,2020-02-24 09:39:27,-6.98,-34.83,78.8,88,20,4.7,few clouds,0.0,0.0
47,Navalmoral De La Mata,ES,2020-02-24 09:39:27,39.89,-5.54,59.0,47,0,2.3,clear sky,0.0,0.0
48,Busselton,AU,2020-02-24 09:39:27,-33.65,115.33,77.0,44,100,15.88,overcast clouds,0.0,0.0
49,San Patricio,MX,2020-02-24 09:39:28,19.22,-104.7,75.34,80,0,3.8,clear sky,0.0,0.0
50,Les Cayes,HT,2020-02-24 09:39:28,18.2,-73.75,78.51,72,0,6.11,light rain,0.13,0.0
51,Tinaquillo,VE,2020-02-24 09:39:28,9.92,-68.3,66.06,87,90,4.12,overcast clouds,0.0,0.0
52,Arraial Do Cabo,BR,2020-02-24 09:39:28,-22.97,-42.03,69.8,94,75,2.24,broken clouds,0.0,0.0
53,Vaini,TO,2020-02-24 09:39:28,-21.2,-175.2,77.0,100,20,3.36,few clouds,0.0,0.0
54,Sibu,MY,2020-02-24 09:39:29,2.3,111.82,84.2,79,75,10.29,broken clouds,0.0,0.0
55,Tuktoyaktuk,CA,2020-02-24 09:39:29,69.45,-133.04,-7.31,96,100,8.77,overcast clouds,0.0,0.0
56,Hami,CN,2020-02-24 09:39:29,42.8,93.45,44.35,30,21,3.56,few clouds,0.0,0.0
57,Cape Town,ZA,2020-02-24 09:37:48,-33.93,18.42,84.99,44,0,11.41,clear sky,0.0,0.0
58,Komsomolskiy,UZ,2020-02-24 09:39:29,40.43,71.72,51.8,87,75,4.7,broken clouds,0.0,0.0
59,Kapaa,US,2020-02-24 09:39:30,22.08,-159.32,68.0,82,1,5.32,clear sky,0.0,0.0
60,Genhe,CN,2020-02-24 09:39:30,50.78,121.52,12.31,82,7,3.67,clear sky,0.0,0.0
61,Hunchun,CN,2020-02-24 09:39:30,42.87,130.36,28.51,64,0,6.53,clear sky,0.0,0.0
62,Kodiak,US,2020-02-24 09:39:30,57.79,-152.41,23.0,49,1,16.11,clear sky,0.0,0.0
63,Shibata,JP,2020-02-24 09:39:30,37.95,139.33,52.0,76,75,16.11,broken clouds,0.0,0.0
64,Tiksi,RU,2020-02-24 09:39:31,71.69,128.87,-4.22,87,99,7.92,overcast clouds,0.0,0.0
65,Makarov,RU,2020-02-24 09:39:31,48.63,142.8,8.8,82,42,2.21,scattered clouds,0.0,0.0
66,Yellowknife,CA,2020-02-24 09:39:31,62.46,-114.35,-16.01,75,5,6.93,clear sky,0.0,0.0
67,Shenjiamen,CN,2020-02-24 09:39:31,29.96,122.3,56.57,89,67,19.19,broken clouds,0.0,0.0
68,Chokurdakh,RU,2020-02-24 09:39:31,70.63,147.92,-23.37,98,79,4.47,broken clouds,0.0,0.0
69,Wodonga,AU,2020-02-24 09:39:32,-36.12,146.88,86.0,28,0,8.05,clear sky,0.0,0.0
70,Esso,RU,2020-02-24 09:39:32,55.93,158.7,0.77,95,100,3.74,overcast clouds,0.0,0.0
71,Cordoba,AR,2020-02-24 09:36:02,-31.41,-64.18,63.0,87,0,8.05,clear sky,0.0,0.0
72,Lata,PT,2020-02-24 09:39:32,40.16,-8.33,52.0,94,0,1.99,clear sky,0.0,0.0
73,Khandyga,RU,2020-02-24 09:39:33,62.67,135.6,-6.03,99,100,1.48,overcast clouds,0.0,0.0
74,Severo-Kurilsk,RU,2020-02-24 09:39:33,50.68,156.12,26.17,96,100,32.08,snow,0.0,2.88
75,Bonthe,SL,2020-02-24 09:39:33,7.53,-12.51,82.29,68,61,6.35,broken clouds,0.0,0.0
76,Oranjestad,AW,2020-02-24 09:39:33,12.52,-70.03,77.0,73,20,6.93,few clouds,0.0,0.0
77,Provideniya,RU,2020-02-24 09:39:33,64.38,-173.3,-1.93,66,20,3.2,few clouds,0.0,0.0
78,Upernavik,GL,2020-02-24 09:39:34,72.79,-56.15,-21.44,92,22,1.28,few clouds,0.0,0.0
79,Cherskiy,RU,2020-02-24 09:39:34,68.75,161.3,-26.64,89,15,3.69,few clouds,0.0,0.0
80,Rorvik,NO,2020-02-24 09:39:34,64.86,11.24,30.2,80,40,4.7,shower rain,0.0,0.0
81,Zaraza,VE,2020-02-24 09:39:34,9.35,-65.32,73.33,92,66,7.99,broken clouds,0.0,0.0
82,Gornyy,RU,2020-02-24 09:39:34,55.12,83.91,22.75,91,94,6.58,overcast clouds,0.0,0.0
83,Segou,ML,2020-02-24 09:39:35,13.43,-6.22,86.52,9,20,19.91,few clouds,0.0,0.0
84,Ponta Do Sol,PT,2020-02-24 09:39:35,32.67,-17.1,77.0,72,75,21.92,broken clouds,0.0,0.0
85,Puerto Ayora,EC,2020-02-24 09:39:35,-0.74,-90.35,77.0,100,74,5.01,broken clouds,0.0,0.0
86,Marabba,SD,2020-02-24 09:39:35,12.35,32.18,84.99,10,0,17.83,clear sky,0.0,0.0
87,Port Hardy,CA,2020-02-24 09:39:36,50.7,-127.42,35.6,92,90,6.93,overcast clouds,0.0,0.0
88,Port Alfred,ZA,2020-02-24 09:39:36,-33.59,26.89,70.0,80,0,1.01,clear sky,0.0,0.0
89,Kruisfontein,ZA,2020-02-24 09:39:36,-34.0,24.73,73.62,35,0,4.9,clear sky,0.0,0.0
90,Bredasdorp,ZA,2020-02-24 09:39:36,-34.53,20.04,77.0,43,0,17.22,clear sky,0.0,0.0
91,Faanui,PF,2020-02-24 09:39:37,-16.48,-151.75,82.47,76,12,13.13,few clouds,0.0,0.0
92,Butaritari,KI,2020-02-24 09:39:37,3.07,172.79,83.95,81,100,27.69,heavy intensity rain,12.19,0.0
93,Talnakh,RU,2020-02-24 09:39:37,69.49,88.4,17.6,92,75,33.55,broken clouds,0.0,0.0
94,Dikson,RU,2020-02-24 09:39:37,73.51,80.55,25.38,90,100,28.39,light snow,0.0,0.13
95,Atherton,GB,2020-02-24 09:39:38,53.52,-2.49,53.01,93,75,11.41,moderate rain,0.0,0.0
96,East London,ZA,2020-02-24 09:37:37,-33.02,27.91,73.4,53,20,8.05,few clouds,0.0,0.0
97,Airai,TL,2020-02-24 09:39:38,-8.93,125.41,75.94,78,47,2.01,light rain,1.38,0.0
98,Sept-Iles,CA,2020-02-24 09:39:38,50.2,-66.38,28.99,92,90,18.34,overcast clouds,0.0,0.0
99,Beloha,MG,2020-02-24 09:39:38,-25.17,45.05,78.37,78,100,4.65,light rain,1.88,0.0
100,Larsnes,NO,2020-02-24 09:39:39,62.2,5.58,37.99,74,75,25.28,broken clouds,0.0,0.0
101,Lorengau,PG,2020-02-24 09:39:39,-2.02,147.27,84.85,71,9,7.49,clear sky,0.0,0.0
102,Talavera De La Reina,ES,2020-02-24 09:39:39,39.96,-4.83,54.66,53,2,1.05,clear sky,0.0,0.0
103,Padang,ID,2020-02-24 09:36:11,-0.95,100.35,84.24,59,55,2.42,broken clouds,0.0,0.0
104,Vardo,NO,2020-02-24 09:39:40,70.37,31.11,33.8,86,40,14.99,scattered clouds,0.0,0.0
105,Jiutai,CN,2020-02-24 09:39:40,44.15,125.83,32.0,72,98,4.47,overcast clouds,0.0,0.0
106,Surt,LY,2020-02-24 09:36:45,31.21,16.59,57.56,63,68,14.09,broken clouds,0.0,0.0
107,Port Blair,IN,2020-02-24 09:39:40,11.67,92.75,81.88,73,5,13.58,clear sky,0.0,0.0
108,Lere,NG,2020-02-24 09:39:41,10.39,8.57,77.81,14,0,14.32,clear sky,0.0,0.0
109,Santa Rosalia,MX,2020-02-24 09:39:41,27.32,-112.28,57.34,42,100,6.29,overcast clouds,0.0,0.0
110,Awbari,LY,2020-02-24 09:39:41,26.59,12.78,55.49,43,0,4.63,clear sky,0.0,0.0
111,Mataura,NZ,2020-02-24 09:39:41,-46.19,168.86,62.01,71,100,4.0,overcast clouds,0.0,0.0
112,San Rafael,AR,2020-02-24 09:39:41,-34.62,-68.33,66.92,38,0,5.28,clear sky,0.0,0.0
113,Ust-Tsilma,RU,2020-02-24 09:39:42,65.44,52.15,31.44,84,100,12.01,light snow,0.0,0.25
114,Saint Anthony,US,2020-02-24 09:39:42,45.02,-93.22,27.0,100,1,5.82,clear sky,0.0,0.0
115,Thap Than,TH,2020-02-24 09:39:42,15.46,99.89,96.12,19,0,7.38,clear sky,0.0,0.0
116,Severnyy,RU,2020-02-24 09:39:42,50.68,36.55,33.8,99,90,8.95,heavy snow,0.0,0.0
117,Manavalakurichi,IN,2020-02-24 09:39:42,8.13,77.3,89.6,59,20,9.17,few clouds,0.0,0.0
118,Ugoofaaru,MV,2020-02-24 09:39:43,5.67,73.0,83.16,77,46,23.17,scattered clouds,0.0,0.0
119,Qaqortoq,GL,2020-02-24 09:39:43,60.72,-46.03,23.0,79,100,6.93,light snow,0.0,0.0
120,Adrar,MR,2020-02-24 09:39:43,20.5,-10.07,77.86,11,100,22.79,overcast clouds,0.0,0.0
121,Paamiut,GL,2020-02-24 09:39:44,61.99,-49.67,11.44,76,100,8.72,light snow,0.0,0.31
122,Lebu,CL,2020-02-24 09:39:44,-37.62,-73.65,51.12,92,14,5.7,few clouds,0.0,0.0
123,Jamestown,US,2020-02-24 09:39:44,42.1,-79.24,41.0,51,1,9.17,clear sky,0.0,0.0
124,Zhigansk,RU,2020-02-24 09:39:44,66.77,123.37,-2.81,95,100,15.03,overcast clouds,0.0,0.0
125,Kavaratti,IN,2020-02-24 09:39:44,10.57,72.64,82.56,69,100,4.65,overcast clouds,0.0,0.0
126,Havelock,US,2020-02-24 09:39:44,34.88,-76.9,46.99,75,40,2.77,scattered clouds,0.0,0.0
127,Lawton,US,2020-02-24 09:36:14,34.61,-98.39,50.0,81,1,23.04,clear sky,0.0,0.0
128,Waingapu,ID,2020-02-24 09:39:45,-9.66,120.26,85.5,73,0,11.36,clear sky,0.0,0.0
129,Richards Bay,ZA,2020-02-24 09:39:45,-28.78,32.04,71.87,70,100,12.03,light rain,0.56,0.0
130,Kirakira,SB,2020-02-24 09:39:45,-10.45,161.92,78.6,87,43,6.82,light rain,0.56,0.0
131,Georgetown,MY,2020-02-24 09:39:45,5.41,100.34,91.4,59,20,6.93,few clouds,0.0,0.0
132,Balabac,PH,2020-02-24 09:39:46,7.99,117.06,81.72,75,56,17.56,broken clouds,0.0,0.0
133,Lompoc,US,2020-02-24 09:39:46,34.64,-120.46,51.8,93,1,13.18,clear sky,0.0,0.0
134,Banjar,ID,2020-02-24 09:39:46,-8.19,114.97,89.6,70,20,8.05,few clouds,0.0,0.0
135,Namibe,AO,2020-02-24 09:39:46,-15.2,12.15,77.0,69,40,7.31,scattered clouds,0.0,0.0
136,Hermanus,ZA,2020-02-24 09:39:46,-34.42,19.23,84.99,53,0,11.99,clear sky,0.0,0.0
137,Yarmouth,US,2020-02-24 09:39:47,41.71,-70.23,39.0,82,1,13.69,mist,0.0,0.0
138,Hithadhoo,MV,2020-02-24 09:39:47,-0.6,73.08,83.21,78,11,11.92,light rain,0.88,0.0
139,Qeshm,IR,2020-02-24 09:34:52,26.96,56.27,84.2,51,48,11.41,haze,0.0,0.0
140,Mosquera,CO,2020-02-24 09:39:47,4.71,-74.23,55.4,100,75,2.24,light intensity drizzle,0.0,0.0
141,Qasigiannguit,GL,2020-02-24 09:39:47,68.82,-51.19,3.2,71,97,3.36,overcast clouds,0.0,0.0
142,Klyuchi,RU,2020-02-24 09:39:48,52.27,79.17,21.76,92,99,4.36,overcast clouds,0.0,0.0
143,Katsuura,JP,2020-02-24 09:39:48,35.13,140.3,55.4,58,20,10.29,few clouds,0.0,0.0
144,Bethel,US,2020-02-24 09:39:48,41.37,-73.41,39.99,73,20,3.0,few clouds,0.0,0.0
145,Tigil,RU,2020-02-24 09:39:48,57.8,158.67,0.45,78,88,6.4,overcast clouds,0.0,0.0
146,Trelew,AR,2020-02-24 09:39:48,-43.25,-65.31,64.24,38,100,24.56,overcast clouds,0.0,0.0
147,Souillac,MU,2020-02-24 09:39:49,-20.52,57.52,84.0,74,75,5.82,shower rain,0.0,0.0
148,The Valley,AI,2020-02-24 09:39:49,18.22,-63.06,75.2,83,0,1.12,clear sky,0.0,0.0
149,Vershino-Darasunskiy,RU,2020-02-24 09:39:49,52.35,115.52,17.1,65,0,1.77,clear sky,0.0,0.0
150,Bangolo,CI,2020-02-24 09:39:49,7.01,-7.47,81.86,71,88,3.83,overcast clouds,0.0,0.0
151,Hasaki,JP,2020-02-24 09:39:49,35.73,140.83,51.8,61,20,6.93,few clouds,0.0,0.0
152,Bengkulu,ID,2020-02-24 09:39:50,-3.8,102.27,85.5,74,55,5.84,light rain,0.5,0.0
153,Pamanukan,ID,2020-02-24 09:39:50,-6.28,107.81,86.85,67,0,13.6,light rain,1.44,0.0
154,Landskrona,SE,2020-02-24 09:39:50,55.87,12.83,43.0,75,28,11.41,scattered clouds,0.0,0.0
155,Kontagora,NG,2020-02-24 09:39:50,10.4,5.47,85.68,10,58,13.33,broken clouds,0.0,0.0
156,Kalyazin,RU,2020-02-24 09:39:51,57.24,37.84,34.74,90,95,10.31,light snow,0.0,0.13
157,Bukachacha,RU,2020-02-24 09:39:51,52.98,116.92,14.4,78,0,2.57,clear sky,0.0,0.0
158,Port Elizabeth,ZA,2020-02-24 09:39:51,-33.92,25.57,69.8,56,0,8.05,clear sky,0.0,0.0
159,Daru,PG,2020-02-24 09:39:51,-9.08,143.21,80.04,90,87,4.72,light rain,2.88,0.0
160,Srivardhan,IN,2020-02-24 09:35:31,18.03,73.02,84.2,39,33,10.49,scattered clouds,0.0,0.0
161,Egvekinot,RU,2020-02-24 09:39:52,66.32,-179.17,-23.8,90,0,2.21,clear sky,0.0,0.0
162,Constitucion,CL,2020-02-24 09:39:52,-35.33,-72.42,50.83,83,43,7.27,scattered clouds,0.0,0.0
163,Northam,GB,2020-02-24 09:39:52,51.03,-4.22,53.01,93,40,20.8,scattered clouds,0.0,0.0
164,Beyneu,KZ,2020-02-24 09:39:52,45.32,55.2,49.14,80,70,8.68,broken clouds,0.0,0.0
165,Nikolskoye,RU,2020-02-24 09:39:53,59.7,30.79,37.99,80,90,15.66,overcast clouds,0.0,0.0
166,Broken Hill,AU,2020-02-24 09:39:53,-31.95,141.43,86.0,33,24,10.29,few clouds,0.0,0.0
167,Kempsey,AU,2020-02-24 09:39:53,-31.08,152.83,72.0,85,65,2.08,broken clouds,0.0,0.0
168,Guerrero Negro,MX,2020-02-24 09:39:53,27.98,-114.06,57.7,87,92,13.87,overcast clouds,0.0,0.0
169,Puerto Escondido,MX,2020-02-24 09:39:53,15.85,-97.07,68.38,71,0,2.8,clear sky,0.0,0.0
170,Chuy,UY,2020-02-24 09:39:54,-33.7,-53.46,61.75,87,7,6.46,clear sky,0.0,0.0
171,Mahebourg,MU,2020-02-24 09:39:54,-20.41,57.7,84.0,74,75,5.82,shower rain,0.0,0.0
172,Mishan,CN,2020-02-24 09:39:54,45.55,131.88,20.16,87,32,10.4,scattered clouds,0.0,0.0
173,Isangel,VU,2020-02-24 09:39:55,-19.55,169.27,75.2,83,20,14.99,few clouds,0.0,0.0
174,Kerman,IR,2020-02-24 09:39:55,30.28,57.08,66.2,13,67,6.93,broken clouds,0.0,0.0
175,Ribeira Grande,PT,2020-02-24 09:39:55,38.52,-28.7,59.0,82,40,10.29,scattered clouds,0.0,0.0
176,Geraldton,AU,2020-02-24 09:39:55,-28.77,114.6,80.6,74,40,14.99,scattered clouds,0.0,0.0
177,Mandalgovi,MN,2020-02-24 09:39:55,45.76,106.27,23.05,58,100,18.63,overcast clouds,0.0,0.0
178,Villazon,BO,2020-02-24 09:39:56,-22.09,-65.59,50.29,86,100,1.57,overcast clouds,0.0,0.0
179,Khatanga,RU,2020-02-24 09:39:56,71.97,102.5,19.72,85,100,19.24,light snow,0.0,0.13
180,Polyarnyy,RU,2020-02-24 09:39:57,69.2,33.45,28.4,79,75,4.47,broken clouds,0.0,0.0
181,Tiznit,MA,2020-02-24 09:39:57,29.58,-9.5,64.56,15,91,11.63,overcast clouds,0.0,0.0
182,Klaksvik,FO,2020-02-24 09:39:57,62.23,-6.59,35.6,80,100,1.12,overcast clouds,0.0,0.0
183,Tekeli,KZ,2020-02-24 09:39:57,44.83,78.82,28.53,70,100,6.76,overcast clouds,0.0,0.0
184,Olafsvik,IS,2020-02-24 09:39:57,64.89,-23.71,33.91,85,100,10.25,light snow,0.0,0.75
185,Chato,TZ,2020-02-24 09:39:58,-2.64,31.77,73.54,80,71,13.62,light rain,2.81,0.0
186,Saint George,US,2020-02-24 09:39:58,37.1,-113.58,42.8,81,1,4.7,clear sky,0.0,0.0
187,Singapore,SG,2020-02-24 09:39:03,1.29,103.85,84.2,79,75,13.87,shower rain,0.0,0.0
188,Marevo,RU,2020-02-24 09:39:58,57.31,32.08,38.64,67,46,9.82,scattered clouds,0.0,0.0
189,Tasiilaq,GL,2020-02-24 09:39:58,65.61,-37.64,5.0,60,93,2.24,overcast clouds,0.0,0.0
190,Mandera,KE,2020-02-24 09:39:59,3.94,41.87,94.64,22,60,9.33,broken clouds,0.0,0.0
191,Leningradskiy,RU,2020-02-24 09:39:59,69.38,178.42,-18.78,70,0,2.08,clear sky,0.0,0.0
192,Nabire,ID,2020-02-24 09:39:59,-3.37,135.48,75.09,98,100,0.67,light rain,0.63,0.0
193,Najran,SA,2020-02-24 09:39:59,17.49,44.13,86.0,20,0,15.64,clear sky,0.0,0.0
194,Sitka,US,2020-02-24 09:39:59,57.05,-135.33,30.2,86,90,6.93,light snow,0.0,0.0
195,Hobyo,SO,2020-02-24 09:40:00,5.35,48.53,88.77,48,100,22.59,overcast clouds,0.0,0.0
196,Seshcha,RU,2020-02-24 09:40:00,53.74,33.34,37.4,70,100,3.44,overcast clouds,0.0,0.0
197,Aleksandro-Nevskiy,RU,2020-02-24 09:40:00,53.48,40.21,30.22,92,65,6.96,broken clouds,0.0,0.0
198,Presidencia Roque Saenz Pena,AR,2020-02-24 09:40:00,-26.79,-60.44,60.73,65,0,3.29,clear sky,0.0,0.0
199,Batagay-Alyta,RU,2020-02-24 09:40:00,67.8,130.41,-11.52,85,100,4.12,overcast clouds,0.0,0.0
200,Vilhena,BR,2020-02-24 09:40:01,-12.74,-60.15,68.45,99,100,0.69,light rain,0.63,0.0
201,Asyut,EG,2020-02-24 09:40:01,27.18,31.18,57.96,40,59,14.36,broken clouds,0.0,0.0
202,Ashcroft,CA,2020-02-24 09:40:01,50.72,-121.29,35.6,92,90,2.24,light snow,0.0,0.0
203,Dudinka,RU,2020-02-24 09:40:01,69.41,86.18,17.6,92,75,33.55,broken clouds,0.0,0.0
204,Vila Velha,BR,2020-02-24 09:40:01,-20.33,-40.29,75.2,78,75,3.36,broken clouds,0.0,0.0
205,Kanlagay,PH,2020-02-24 09:40:02,5.88,121.29,83.17,73,100,8.14,overcast clouds,0.0,0.0
206,Villa Rica,US,2020-02-24 09:40:02,33.73,-84.92,46.99,65,90,2.86,drizzle,0.0,0.0
207,Kayerkan,RU,2020-02-24 09:40:02,69.35,87.76,17.6,92,75,33.55,broken clouds,0.0,0.0
208,Deputatskiy,RU,2020-02-24 09:40:02,69.3,139.9,-21.64,95,0,3.65,clear sky,0.0,0.0
209,Hamilton,US,2020-02-24 09:40:02,39.18,-84.53,42.01,86,1,4.34,clear sky,0.0,0.0
210,Haines Junction,CA,2020-02-24 09:40:03,60.75,-137.51,-4.43,96,100,5.21,overcast clouds,0.0,0.0
211,Katherine,AU,2020-02-24 09:40:03,-14.47,132.27,93.2,49,67,12.75,broken clouds,0.0,0.0
212,Dong Hoi,VN,2020-02-24 09:40:03,17.48,106.6,72.37,78,28,6.55,scattered clouds,0.0,0.0
213,Kolpashevo,RU,2020-02-24 09:40:03,58.31,82.91,18.84,93,96,3.04,overcast clouds,0.0,0.0
214,Mastic Beach,US,2020-02-24 09:38:35,40.77,-72.85,39.99,93,1,3.36,mist,0.0,0.0
215,Cockburn Town,TC,2020-02-24 09:40:04,21.46,-71.14,73.18,65,0,18.28,clear sky,0.0,0.0
216,Mehamn,NO,2020-02-24 09:40:04,71.04,27.85,33.8,96,75,11.41,light shower snow,0.0,0.0
217,Cap Malheureux,MU,2020-02-24 09:40:04,-19.98,57.61,84.0,74,75,5.82,shower rain,0.0,0.0
218,Champerico,GT,2020-02-24 09:40:05,14.3,-91.92,74.68,75,37,2.71,scattered clouds,0.0,0.0
219,Karratha,AU,2020-02-24 09:40:05,-20.74,116.85,85.08,71,29,12.57,scattered clouds,0.0,0.0
220,Guaruja,BR,2020-02-24 09:40:05,-23.99,-46.26,73.99,82,75,6.93,broken clouds,0.0,0.0
221,Moses Lake,US,2020-02-24 09:40:05,47.13,-119.28,39.0,64,1,3.36,clear sky,0.0,0.0
222,Machinga,MW,2020-02-24 09:40:05,-15.17,35.3,83.21,70,100,2.98,overcast clouds,0.0,0.0
223,Rokupr,SL,2020-02-24 09:40:06,8.67,-12.39,81.75,68,70,3.38,broken clouds,0.0,0.0
224,Ilinskiy,RU,2020-02-24 09:40:06,55.62,38.12,39.99,69,40,8.95,scattered clouds,0.0,0.0
225,Bereznehuvate,UA,2020-02-24 09:40:06,47.31,32.85,49.6,69,100,24.52,light rain,0.44,0.0
226,Grand Gaube,MU,2020-02-24 09:40:06,-20.01,57.66,84.0,74,75,5.82,shower rain,0.0,0.0
227,Comodoro Rivadavia,AR,2020-02-24 09:40:07,-45.87,-67.5,60.8,48,100,10.29,overcast clouds,0.0,0.0
228,Tura,IN,2020-02-24 09:40:07,25.52,90.22,87.17,25,41,4.65,scattered clouds,0.0,0.0
229,Husavik,IS,2020-02-24 09:40:07,66.04,-17.34,26.92,83,100,15.75,overcast clouds,0.0,0.0
230,Venice,US,2020-02-24 09:40:07,27.1,-82.45,64.0,77,1,4.7,clear sky,0.0,0.0
231,Lasa,IT,2020-02-24 09:40:07,46.62,10.7,44.6,100,75,5.82,broken clouds,0.0,0.0
232,Saint-Pierre,RE,2020-02-24 09:40:08,-21.34,55.48,86.0,66,0,9.17,clear sky,0.0,0.0
233,Zhatay,RU,2020-02-24 09:40:08,62.16,129.83,-13.0,83,92,1.3,overcast clouds,0.0,0.0
234,Lahad Datu,MY,2020-02-24 09:40:08,5.03,118.33,84.76,70,40,6.33,light rain,0.13,0.0
235,Riyadh,SA,2020-02-24 09:35:24,24.69,46.72,82.4,34,80,16.11,broken clouds,0.0,0.0
236,Mana,GF,2020-02-24 09:40:08,5.66,-53.78,74.59,92,100,2.93,light rain,0.19,0.0
237,Mount Isa,AU,2020-02-24 09:40:09,-20.73,139.5,78.8,94,75,6.93,light intensity shower rain,0.0,0.0
238,Abu Dhabi,AE,2020-02-24 09:40:09,24.47,54.37,89.6,38,93,3.36,overcast clouds,0.0,0.0
239,Stykkisholmur,IS,2020-02-24 09:40:09,65.08,-22.73,31.26,96,100,9.42,snow,0.0,3.44
240,Okhotsk,RU,2020-02-24 09:40:09,59.38,143.3,-8.7,79,99,4.56,overcast clouds,0.0,0.0
241,Cidreira,BR,2020-02-24 09:40:09,-30.18,-50.21,71.98,74,0,21.05,clear sky,0.0,0.0
242,Newport,GB,2020-02-24 09:36:14,51.59,-3.0,53.01,100,100,17.22,moderate rain,0.0,0.0
243,Stornoway,GB,2020-02-24 09:40:10,58.21,-6.39,41.0,66,20,10.29,few clouds,0.0,0.0
244,Evensk,RU,2020-02-24 09:40:10,61.95,159.23,-4.34,88,86,5.86,overcast clouds,0.0,0.0
245,Redmond,US,2020-02-24 09:37:38,47.67,-122.12,43.0,86,90,10.29,overcast clouds,0.0,0.0
246,Touros,BR,2020-02-24 09:40:10,-5.2,-35.46,77.0,94,40,4.7,shower rain,0.0,0.0
247,Gambela,ET,2020-02-24 09:40:11,8.25,34.58,88.09,34,100,2.08,overcast clouds,0.0,0.0
248,Bambous Virieux,MU,2020-02-24 09:40:11,-20.34,57.76,84.0,74,75,5.82,shower rain,0.0,0.0
249,Saint-Leu,RE,2020-02-24 09:40:11,-21.15,55.28,86.0,66,29,9.17,scattered clouds,0.0,0.0
250,College,US,2020-02-24 09:40:11,64.86,-147.8,-9.0,82,1,2.19,clear sky,0.0,0.0
251,Kastamonu,TR,2020-02-24 09:40:12,41.5,33.67,42.8,60,75,9.17,broken clouds,0.0,0.0
252,Naifaru,MV,2020-02-24 09:40:12,5.44,73.37,82.85,77,97,22.66,overcast clouds,0.0,0.0
253,Sabang,ID,2020-02-24 09:40:12,5.89,95.32,81.99,79,13,22.73,few clouds,0.0,0.0
254,Chicama,PE,2020-02-24 09:40:12,-7.84,-79.15,71.6,94,40,8.05,mist,0.0,0.0
255,Labuhan,ID,2020-02-24 09:40:12,-6.88,112.21,82.9,83,85,8.55,moderate rain,8.19,0.0
256,Mackay,AU,2020-02-24 09:40:13,-21.15,149.2,80.6,83,75,6.93,broken clouds,0.0,0.0
257,Kloulklubed,PW,2020-02-24 09:40:13,7.04,134.26,82.4,74,75,13.87,broken clouds,0.0,0.0
258,Hinton,CA,2020-02-24 09:40:13,53.4,-117.59,10.81,97,89,1.86,overcast clouds,0.0,0.0
259,Katangli,RU,2020-02-24 09:40:13,51.71,143.23,6.85,94,93,5.39,overcast clouds,0.0,0.0
260,Podosinovets,RU,2020-02-24 09:40:14,60.28,47.07,32.16,95,100,9.84,light snow,0.0,0.19
261,Jijiga,ET,2020-02-24 09:37:34,9.35,42.8,79.09,11,91,7.58,overcast clouds,0.0,0.0
262,Sibolga,ID,2020-02-24 09:40:14,1.74,98.78,89.51,52,79,1.34,broken clouds,0.0,0.0
263,Wagar,SD,2020-02-24 09:40:14,16.15,36.2,83.88,40,14,12.75,few clouds,0.0,0.0
264,Vanimo,PG,2020-02-24 09:40:15,-2.67,141.3,83.52,82,86,14.27,overcast clouds,0.0,0.0
265,Fallon,US,2020-02-24 09:36:29,39.47,-118.78,42.01,55,1,11.41,clear sky,0.0,0.0
266,Sao Joao Da Barra,BR,2020-02-24 09:40:15,-21.64,-41.05,71.6,88,75,5.84,broken clouds,0.0,0.0
267,Ottawa,CA,2020-02-24 09:36:06,45.41,-75.7,35.01,89,20,9.17,few clouds,0.0,0.0
268,New Plymouth,NZ,2020-02-24 09:37:46,-39.07,174.08,57.99,63,1,11.99,clear sky,0.0,0.0
269,Lianzhou,CN,2020-02-24 09:40:16,24.78,112.38,70.92,59,45,9.37,scattered clouds,0.0,0.0
270,Risor,NO,2020-02-24 09:40:16,58.72,9.23,41.0,64,16,2.24,few clouds,0.0,0.0
271,Takoradi,GH,2020-02-24 09:40:16,4.88,-1.76,85.5,72,22,4.16,few clouds,0.0,0.0
272,Tomatlan,MX,2020-02-24 09:40:16,19.93,-105.25,66.34,51,0,2.53,clear sky,0.0,0.0
273,Poum,NC,2020-02-24 09:40:16,-20.23,164.02,80.91,71,71,12.88,broken clouds,0.0,0.0
274,Marzuq,YE,2020-02-24 09:40:17,14.4,46.47,87.03,5,98,11.1,overcast clouds,0.0,0.0
275,Dali,CN,2020-02-24 09:40:17,25.7,100.18,57.27,62,97,5.7,light rain,0.75,0.0
276,Burns Lake,CA,2020-02-24 09:40:17,54.23,-125.75,18.5,96,100,2.19,overcast clouds,0.0,0.0
277,Carnarvon,AU,2020-02-24 09:40:18,-24.87,113.63,82.4,65,0,16.11,clear sky,0.0,0.0
278,Kavieng,PG,2020-02-24 09:40:18,-2.57,150.8,85.19,69,41,6.78,scattered clouds,0.0,0.0
279,Roebourne,AU,2020-02-24 09:40:18,-20.78,117.13,97.77,31,100,13.18,overcast clouds,0.0,0.0
280,Clyde River,CA,2020-02-24 09:40:18,70.47,-68.59,-13.0,75,90,18.34,overcast clouds,0.0,0.0
281,Arlit,NE,2020-02-24 09:40:18,18.74,7.39,67.32,19,64,9.53,broken clouds,0.0,0.0
282,Bahia Honda,CU,2020-02-24 09:40:19,22.9,-83.16,66.78,85,88,11.14,overcast clouds,0.0,0.0
283,Nanakuli,US,2020-02-24 09:40:19,21.39,-158.15,75.2,93,40,4.7,scattered clouds,0.0,0.0
284,Huarmey,PE,2020-02-24 09:40:19,-10.07,-78.15,72.3,74,66,1.01,broken clouds,0.0,0.0
285,Kodinsk,RU,2020-02-24 09:40:19,58.69,99.18,23.05,87,100,7.49,overcast clouds,0.0,0.0
286,Vestmannaeyjar,IS,2020-02-24 09:40:20,63.44,-20.27,35.6,93,75,20.8,broken clouds,0.0,0.0
287,Xai-Xai,MZ,2020-02-24 09:40:20,-25.05,33.64,78.12,54,81,15.03,light rain,0.38,0.0
288,Ukiah,US,2020-02-24 09:39:25,39.15,-123.21,50.0,87,1,3.62,clear sky,0.0,0.0
289,Bonavista,CA,2020-02-24 09:40:20,48.65,-53.11,25.0,89,0,1.99,clear sky,0.0,0.0
290,Thayetmyo,MM,2020-02-24 09:40:21,19.32,95.18,95.29,12,98,10.85,overcast clouds,0.0,0.0
291,Dingle,PH,2020-02-24 09:40:21,11.0,122.67,81.48,71,9,8.93,light rain,0.13,0.0
292,Chernyshevskiy,RU,2020-02-24 09:40:21,63.01,112.47,16.99,91,100,10.04,light snow,0.0,0.25
293,Clyde,US,2020-02-24 09:40:21,41.3,-82.98,39.99,64,1,11.41,clear sky,0.0,0.0
294,Aloleng,PH,2020-02-24 09:40:21,16.13,119.78,81.84,62,46,9.84,scattered clouds,0.0,0.0
295,Conceicao Do Araguaia,BR,2020-02-24 09:40:22,-8.26,-49.26,72.45,96,29,2.66,scattered clouds,0.0,0.0
296,Nishihara,JP,2020-02-24 09:40:22,26.18,127.76,68.0,72,20,10.29,few clouds,0.0,0.0
297,Luderitz,NA,2020-02-24 09:40:22,-26.65,15.16,78.8,50,0,9.17,clear sky,0.0,0.0
298,High Level,CA,2020-02-24 09:40:22,58.52,-117.14,6.8,92,1,8.05,clear sky,0.0,0.0
299,Syamzha,RU,2020-02-24 09:40:23,60.02,41.06,32.31,97,100,8.23,light snow,0.0,0.31
300,San Juan,AR,2020-02-24 09:40:23,-31.54,-68.54,68.41,48,0,2.75,clear sky,0.0,0.0
301,Gweta,BW,2020-02-24 09:40:23,-20.18,25.23,66.22,90,100,15.68,moderate rain,9.25,0.0
302,Sao Benedito Do Rio Preto,BR,2020-02-24 09:40:23,-3.33,-43.53,73.49,99,97,0.74,light rain,0.13,0.0
303,Kaputa,ZM,2020-02-24 09:40:24,-8.47,29.66,67.55,96,100,4.32,light rain,1.56,0.0
304,Cam Ranh,VN,2020-02-24 09:39:32,11.92,109.16,82.4,69,20,18.34,few clouds,0.0,0.0
305,Honiara,SB,2020-02-24 09:35:31,-9.43,159.95,82.4,83,40,6.93,shower rain,0.0,0.0
306,Tabou,CI,2020-02-24 09:40:25,4.42,-7.35,84.54,78,70,3.69,broken clouds,0.0,0.0
307,Moose Factory,CA,2020-02-24 09:40:25,51.26,-80.61,21.2,92,90,8.05,light snow,0.0,0.0
308,Aksu,CN,2020-02-24 09:40:25,41.12,80.26,51.19,26,100,6.73,overcast clouds,0.0,0.0
309,Lambontong,PH,2020-02-24 09:40:25,6.31,124.81,86.0,74,90,4.7,overcast clouds,0.0,0.0
310,Rath,IN,2020-02-24 09:40:25,25.58,79.57,82.22,31,0,5.68,clear sky,0.0,0.0
311,Sikasso,ML,2020-02-24 09:40:26,10.92,-7.0,87.21,13,45,9.46,scattered clouds,0.0,0.0
312,Itainopolis,BR,2020-02-24 09:40:26,-7.45,-41.48,72.7,95,79,2.35,broken clouds,0.0,0.0
313,Lavrentiya,RU,2020-02-24 09:40:26,65.58,-171.0,-9.4,71,0,1.28,clear sky,0.0,0.0
314,Kenitra,MA,2020-02-24 09:40:26,34.26,-6.58,68.0,63,0,6.93,clear sky,0.0,0.0
315,Bubaque,GW,2020-02-24 09:40:26,11.28,-15.83,80.46,67,59,5.37,broken clouds,0.0,0.0
316,Lac-Megantic,CA,2020-02-24 09:40:27,45.58,-70.88,27.0,79,90,5.82,overcast clouds,0.0,0.0
317,Hauterive,FR,2020-02-24 09:40:27,46.09,3.45,55.0,66,96,6.93,overcast clouds,0.0,0.0
318,Churapcha,RU,2020-02-24 09:40:27,62.0,132.43,-6.02,98,100,4.05,overcast clouds,0.0,0.0
319,Roma,US,2020-02-24 09:39:24,43.21,-75.46,39.0,80,90,9.44,overcast clouds,0.0,0.0
320,Ixtapa,MX,2020-02-24 09:40:28,20.7,-105.2,70.0,94,5,2.66,clear sky,0.0,0.0
321,Kitimat,CA,2020-02-24 09:40:28,54.05,-128.65,28.4,86,5,10.29,clear sky,0.0,0.0
322,Sioux Lookout,CA,2020-02-24 09:40:28,50.1,-91.92,28.4,74,75,9.17,broken clouds,0.0,0.0
323,Yar-Sale,RU,2020-02-24 09:40:28,66.83,70.83,26.85,87,100,27.65,overcast clouds,0.0,0.0
324,Itaituba,BR,2020-02-24 09:40:28,-4.28,-55.98,70.56,97,97,1.07,overcast clouds,0.0,0.0
325,Coachella,US,2020-02-24 09:40:29,33.68,-116.17,55.99,70,1,2.35,clear sky,0.0,0.0
326,Fairbanks,US,2020-02-24 09:38:31,64.84,-147.72,-9.0,82,1,2.35,clear sky,0.0,0.0
327,Berlevag,NO,2020-02-24 09:40:29,70.86,29.09,33.8,86,75,9.17,light shower snow,0.0,0.0
328,Ouegoa,NC,2020-02-24 09:40:30,-20.35,164.43,74.52,79,95,2.06,overcast clouds,0.0,0.0
329,Tessalit,ML,2020-02-24 09:40:30,20.2,1.01,75.51,13,20,21.63,few clouds,0.0,0.0
330,Lukovetskiy,RU,2020-02-24 09:40:30,64.3,41.92,32.0,90,90,8.95,overcast clouds,0.0,0.0
331,Carutapera,BR,2020-02-24 09:40:30,-1.2,-46.02,82.47,78,99,12.57,light rain,0.81,0.0
332,Hanzhong,CN,2020-02-24 09:40:31,33.07,107.03,68.7,32,0,2.35,clear sky,0.0,0.0
333,Balkhash,KZ,2020-02-24 09:40:31,46.84,74.98,21.2,85,75,15.66,broken clouds,0.0,0.0
334,Beruwala,LK,2020-02-24 09:40:31,6.48,79.98,83.44,69,83,9.91,broken clouds,0.0,0.0
335,Maragogi,BR,2020-02-24 09:40:31,-9.01,-35.22,81.91,77,5,15.68,light rain,0.25,0.0
336,Prokuplje,RS,2020-02-24 09:40:32,43.23,21.59,48.2,57,75,9.17,broken clouds,0.0,0.0
337,Golden,US,2020-02-24 09:38:56,39.76,-105.22,35.01,92,1,7.99,clear sky,0.0,0.0
338,Tezu,IN,2020-02-24 09:40:32,27.92,96.17,79.43,29,100,4.56,overcast clouds,0.0,0.0
339,Vondrozo,MG,2020-02-24 09:40:32,-22.82,47.28,91.0,58,31,4.38,light rain,0.44,0.0
340,Cubuk,TR,2020-02-24 09:40:33,40.24,33.03,48.2,58,75,13.87,broken clouds,0.0,0.0
341,Puerto Madryn,AR,2020-02-24 09:40:33,-42.77,-65.04,65.7,42,48,22.3,scattered clouds,0.0,0.0
342,Orocue,CO,2020-02-24 09:40:33,4.79,-71.34,79.3,58,100,3.49,overcast clouds,0.0,0.0
343,Cayenne,GF,2020-02-24 09:40:00,4.93,-52.33,78.8,83,100,6.93,light rain,0.25,0.0
344,Kinablangan,PH,2020-02-24 09:40:33,7.69,126.55,75.36,88,97,3.29,light rain,1.44,0.0
345,Yeppoon,AU,2020-02-24 09:40:33,-23.13,150.73,77.0,88,90,4.7,overcast clouds,0.0,0.0
346,Torbay,CA,2020-02-24 09:40:34,47.67,-52.73,26.01,85,5,13.87,clear sky,0.0,0.0
347,Eureka,US,2020-02-24 09:36:46,40.8,-124.16,42.01,86,1,3.36,clear sky,0.0,0.0
348,Shalakusha,RU,2020-02-24 09:40:34,62.22,40.25,32.86,97,95,6.22,light snow,0.0,0.44
349,Tharad,IN,2020-02-24 09:40:34,24.4,71.63,89.55,15,0,7.56,clear sky,0.0,0.0
350,Lethem,GY,2020-02-24 09:40:34,3.38,-59.8,77.61,76,92,15.5,overcast clouds,0.0,0.0
351,Palana,RU,2020-02-24 09:40:35,59.12,159.97,1.99,78,6,4.32,clear sky,0.0,0.0
352,Avera,US,2020-02-24 09:40:35,33.19,-82.53,53.6,87,90,3.36,overcast clouds,0.0,0.0
353,Kununurra,AU,2020-02-24 09:37:35,-15.77,128.73,98.6,20,100,8.05,overcast clouds,0.0,0.0
354,Ventspils,LV,2020-02-24 09:40:35,57.39,21.56,41.0,60,0,12.75,clear sky,0.0,0.0
355,Letpadan,MM,2020-02-24 09:40:36,17.78,95.75,95.36,17,96,6.15,overcast clouds,0.0,0.0
356,Am Timan,TD,2020-02-24 09:40:36,11.03,20.28,89.01,10,0,8.05,clear sky,0.0,0.0
357,Sinnamary,GF,2020-02-24 09:40:36,5.38,-52.95,78.76,83,100,17.2,light rain,0.31,0.0
358,Mancio Lima,BR,2020-02-24 09:40:36,-7.61,-72.9,70.16,93,100,1.34,overcast clouds,0.0,0.0
359,Selma,US,2020-02-24 09:38:19,36.57,-119.61,51.01,100,0,5.48,clear sky,0.0,0.0
360,Kjollefjord,NO,2020-02-24 09:40:37,70.95,27.35,33.8,96,75,11.41,light shower snow,0.0,0.0
361,Norman Wells,CA,2020-02-24 09:37:04,65.28,-126.83,-13.0,75,40,2.24,scattered clouds,0.0,0.0
362,Mahon,ES,2020-02-24 09:40:37,39.89,4.27,57.2,87,0,9.17,clear sky,0.0,0.0
363,Xining,CN,2020-02-24 09:40:37,36.62,101.77,44.94,29,0,9.98,clear sky,0.0,0.0
364,Margate,GB,2020-02-24 09:40:38,51.38,1.39,52.0,87,75,25.28,light rain,0.0,0.0
365,Scottsbluff,US,2020-02-24 09:40:38,41.87,-103.67,37.0,85,1,6.93,clear sky,0.0,0.0
366,Benghazi,LY,2020-02-24 09:36:41,32.12,20.07,59.0,63,75,11.74,broken clouds,0.0,0.0
367,Smithers,CA,2020-02-24 09:40:38,54.78,-127.17,28.4,92,90,4.7,light snow,0.0,0.0
368,Talavera,PH,2020-02-24 09:40:38,15.62,120.93,86.0,58,75,9.17,broken clouds,0.0,0.0
369,Slave Lake,CA,2020-02-24 09:40:39,55.28,-114.77,8.6,84,20,4.7,few clouds,0.0,0.0
370,Ola,RU,2020-02-24 09:40:39,59.58,151.28,-3.14,85,26,5.93,scattered clouds,0.0,0.0
371,Hualmay,PE,2020-02-24 09:40:39,-11.1,-77.61,71.1,80,15,2.75,few clouds,0.0,0.0
372,Areosa,PT,2020-02-24 09:40:39,41.72,-8.86,60.01,76,0,3.36,clear sky,0.0,0.0
373,Vilyuysk,RU,2020-02-24 09:40:40,63.76,121.62,3.7,96,100,4.38,overcast clouds,0.0,0.0
374,Bandarbeyla,SO,2020-02-24 09:40:40,9.49,50.81,77.7,73,95,14.99,overcast clouds,0.0,0.0
375,Pacatuba,BR,2020-02-24 09:40:40,-3.98,-38.62,78.8,88,75,3.36,broken clouds,0.0,0.0
376,Ratnagiri,IN,2020-02-24 09:40:40,16.98,73.3,97.68,23,0,11.54,clear sky,0.0,0.0
377,Fuling,CN,2020-02-24 09:40:40,29.7,107.39,51.1,83,99,1.77,overcast clouds,0.0,0.0
378,Rostovka,RU,2020-02-24 09:40:41,55.38,71.89,14.05,94,99,7.02,overcast clouds,0.0,0.0
379,Karema,TZ,2020-02-24 09:40:41,-6.82,30.44,77.67,78,100,9.08,moderate rain,3.25,0.0
380,Orlik,RU,2020-02-24 09:40:41,52.52,99.83,12.16,83,100,1.68,overcast clouds,0.0,0.0
381,Buala,SB,2020-02-24 09:40:41,-8.14,159.59,82.02,79,18,2.75,light rain,0.44,0.0
382,Tevaitoa,PF,2020-02-24 09:40:41,-16.78,-151.5,82.69,75,29,12.12,light rain,0.19,0.0
383,Mbandaka,CD,2020-02-24 09:40:42,0.05,18.26,87.44,59,100,4.83,overcast clouds,0.0,0.0
384,Necochea,AR,2020-02-24 09:40:42,-38.55,-58.74,62.01,79,0,10.0,clear sky,0.0,0.0
385,Shetpe,KZ,2020-02-24 09:40:42,44.17,52.12,48.78,61,10,2.17,clear sky,0.0,0.0
386,Chardara,KZ,2020-02-24 09:40:42,41.25,67.97,58.03,62,5,3.87,clear sky,0.0,0.0
387,Vrangel,RU,2020-02-24 09:40:42,42.73,133.08,35.44,62,0,17.49,clear sky,0.0,0.0
388,Gazanjyk,TM,2020-02-24 09:40:43,39.24,55.52,59.07,47,86,3.0,overcast clouds,0.0,0.0
389,Lalgudi,IN,2020-02-24 09:40:43,10.87,78.83,93.2,44,40,9.17,haze,0.0,0.0
390,Christchurch,NZ,2020-02-24 09:39:30,-43.53,172.63,61.0,82,0,17.22,clear sky,0.0,0.0
391,Teya,RU,2020-02-24 09:40:43,60.38,92.63,20.53,75,14,5.66,few clouds,0.0,0.0
392,Namatanai,PG,2020-02-24 09:40:43,-3.67,152.43,84.13,75,11,14.38,few clouds,0.0,0.0
393,Shingu,JP,2020-02-24 09:40:44,33.73,135.98,53.6,62,0,8.05,clear sky,0.0,0.0
394,Kandi,BJ,2020-02-24 09:40:44,11.13,2.94,83.97,10,51,12.33,broken clouds,0.0,0.0
395,Yashkul,RU,2020-02-24 09:40:44,46.17,45.34,43.61,78,100,6.04,overcast clouds,0.0,0.0
396,Nioro,GM,2020-02-24 09:40:44,13.35,-15.75,86.65,23,77,10.27,broken clouds,0.0,0.0
397,Ryotsu,JP,2020-02-24 09:40:45,38.08,138.43,50.0,76,78,9.17,light rain,0.5,0.0
398,Wolomin,PL,2020-02-24 09:40:45,52.34,21.24,44.01,93,75,17.22,light intensity shower rain,0.0,0.0
399,Port Lincoln,AU,2020-02-24 09:40:45,-34.73,135.87,68.76,72,0,14.61,clear sky,0.0,0.0
400,Arman,RU,2020-02-24 09:40:45,59.7,150.17,0.19,92,0,7.31,clear sky,0.0,0.0
401,Belaya Gora,RU,2020-02-24 09:40:45,68.53,146.42,-17.91,99,83,3.2,broken clouds,0.0,0.0
402,Vao,NC,2020-02-24 09:40:46,-22.67,167.48,79.02,74,35,12.84,scattered clouds,0.0,0.0
403,Portobelo,PA,2020-02-24 09:40:46,9.55,-79.65,75.0,83,97,6.93,overcast clouds,0.0,0.0
404,Tuatapere,NZ,2020-02-24 09:40:46,-46.13,167.68,62.01,71,100,5.01,overcast clouds,0.0,0.0
405,Hearst,CA,2020-02-24 09:40:46,49.68,-83.67,19.67,92,100,9.48,light snow,0.0,0.5
406,Andenes,NO,2020-02-24 09:40:46,69.31,16.12,32.0,86,75,19.46,shower snow,0.0,0.0
407,Washougal,US,2020-02-24 09:40:47,45.58,-122.35,43.0,75,90,6.17,light rain,0.0,0.0
408,Sala,MA,2020-02-24 09:40:47,34.04,-6.82,68.0,63,0,6.93,clear sky,0.0,0.0
409,Suez,EG,2020-02-24 09:37:54,29.97,32.53,62.4,39,0,3.51,clear sky,0.0,0.0
410,Ucluelet,CA,2020-02-24 09:40:47,48.93,-125.55,43.0,65,60,7.0,broken clouds,0.0,0.0
411,Kroya,ID,2020-02-24 09:40:47,-7.63,109.25,84.51,78,80,0.81,moderate rain,6.88,0.0
412,Amahai,ID,2020-02-24 09:40:48,-3.33,128.92,86.18,73,0,2.26,clear sky,0.0,0.0
413,Old Bridge,US,2020-02-24 09:40:48,40.41,-74.37,44.6,59,1,2.93,clear sky,0.0,0.0
414,Kyzyl-Suu,KG,2020-02-24 09:40:48,42.34,78.0,36.55,78,100,3.49,overcast clouds,0.0,0.0
415,Esperance,AU,2020-02-24 09:40:48,-33.87,121.9,71.6,73,43,24.16,scattered clouds,0.0,0.0
416,Altagracia De Orituco,VE,2020-02-24 09:40:48,9.86,-66.38,65.43,94,70,4.47,broken clouds,0.0,0.0
417,Dayong,CN,2020-02-24 09:40:49,25.02,118.29,71.6,64,0,6.71,clear sky,0.0,0.0
418,Montepulciano,IT,2020-02-24 09:40:49,43.1,11.79,52.0,81,20,1.12,mist,0.0,0.0
419,Douentza,ML,2020-02-24 09:40:49,15.0,-2.95,85.37,10,28,18.12,scattered clouds,0.0,0.0
420,Aykhal,RU,2020-02-24 09:40:49,66.0,111.5,12.2,85,0,6.71,clear sky,0.0,0.0
421,Seredka,RU,2020-02-24 09:40:49,58.16,28.19,37.4,74,40,15.66,scattered clouds,0.0,0.0
422,Sao Filipe,CV,2020-02-24 09:40:50,14.9,-24.5,67.3,82,0,15.9,clear sky,0.0,0.0
423,Araguacu,BR,2020-02-24 09:40:50,-12.93,-49.83,72.72,91,100,3.04,overcast clouds,0.0,0.0
424,Qurayyat,SA,2020-02-24 09:40:50,31.33,37.34,59.0,41,100,4.7,overcast clouds,0.0,0.0
425,Carballo,ES,2020-02-24 09:40:50,43.21,-8.69,48.2,100,90,6.93,fog,0.0,0.0
426,Saint-Honore,CA,2020-02-24 09:36:41,48.53,-71.08,27.0,92,20,11.41,few clouds,0.0,0.0
427,Tsaratanana,MG,2020-02-24 09:40:51,-16.78,47.65,79.81,76,87,7.65,light rain,0.63,0.0
428,Sur,OM,2020-02-24 09:40:51,22.57,59.53,80.64,41,64,8.12,broken clouds,0.0,0.0
429,Yantzaza,EC,2020-02-24 09:40:51,-3.83,-78.76,56.44,99,82,0.04,light rain,0.38,0.0
430,Port Macquarie,AU,2020-02-24 09:40:52,-31.43,152.92,72.0,88,76,4.7,light intensity shower rain,0.0,0.0
431,Odweyne,SO,2020-02-24 09:40:52,9.41,45.06,86.7,10,86,9.66,overcast clouds,0.0,0.0
432,Vila Franca Do Campo,PT,2020-02-24 09:39:49,37.72,-25.43,55.4,93,75,1.12,broken clouds,0.0,0.0
433,Ulladulla,AU,2020-02-24 09:40:52,-35.35,150.47,73.0,83,19,6.93,few clouds,0.0,0.0
434,Umm Kaddadah,SD,2020-02-24 09:40:52,13.6,26.69,77.13,16,0,19.95,clear sky,0.0,0.0
435,Howard Springs,AU,2020-02-24 09:40:53,-12.5,131.05,86.0,74,75,14.99,broken clouds,0.0,0.0
436,Ambilobe,MG,2020-02-24 09:40:53,-13.2,49.05,85.33,77,43,7.9,light rain,1.94,0.0
437,King City,US,2020-02-24 09:40:53,36.21,-121.13,48.2,87,1,4.7,clear sky,0.0,0.0
438,Constantine,DZ,2020-02-24 09:40:21,36.37,6.61,46.4,70,0,2.24,clear sky,0.0,0.0
439,Kaduna,NG,2020-02-24 09:40:53,10.52,7.44,79.03,14,0,16.15,clear sky,0.0,0.0
440,Narasimharajapura,IN,2020-02-24 09:40:53,13.62,75.52,94.17,16,79,7.67,broken clouds,0.0,0.0
441,San Vicente De Chucuri,CO,2020-02-24 09:40:54,6.88,-73.41,72.16,94,98,3.11,light rain,0.94,0.0
442,Whitehorse,CA,2020-02-24 09:37:08,60.72,-135.05,15.8,85,90,10.29,light snow,0.0,0.0
443,South Charleston,US,2020-02-24 09:36:05,38.37,-81.7,35.01,64,20,3.8,few clouds,0.0,0.0
444,Coahuayana,MX,2020-02-24 09:40:54,18.73,-103.68,71.38,65,0,2.77,clear sky,0.0,0.0
445,Linqiong,CN,2020-02-24 09:40:54,30.42,103.46,64.4,42,30,2.24,scattered clouds,0.0,0.0
446,Hofn,IS,2020-02-24 09:40:55,64.25,-15.21,32.0,71,90,3.36,overcast clouds,0.0,0.0
447,Kang,BW,2020-02-24 09:40:55,-23.68,22.79,69.96,70,100,15.26,overcast clouds,0.0,0.0
448,Bathsheba,BB,2020-02-24 09:40:55,13.22,-59.52,77.0,88,40,16.11,scattered clouds,0.0,0.0
449,Savonlinna,FI,2020-02-24 09:40:55,61.87,28.92,32.0,67,75,11.41,broken clouds,0.0,0.0
450,Pangnirtung,CA,2020-02-24 09:40:55,66.15,-65.71,-30.26,97,100,2.17,overcast clouds,0.0,0.0
451,Saint-Augustin,CA,2020-02-24 09:40:56,51.23,-58.65,8.74,82,100,9.98,overcast clouds,0.0,0.0
452,Saldanha,ZA,2020-02-24 09:40:56,-33.01,17.94,89.6,17,0,3.36,clear sky,0.0,0.0
453,Narasannapeta,IN,2020-02-24 09:40:56,18.42,84.05,89.94,34,0,13.56,clear sky,0.0,0.0
454,Coihaique,CL,2020-02-24 09:40:56,-45.58,-72.07,50.0,71,75,3.36,broken clouds,0.0,0.0
455,Alghero,IT,2020-02-24 09:40:56,40.56,8.32,59.0,82,75,12.75,broken clouds,0.0,0.0
456,Puerto Narino,CO,2020-02-24 09:40:57,-3.77,-70.38,73.4,100,75,1.45,broken clouds,0.0,0.0
457,Monrovia,LR,2020-02-24 09:40:57,6.3,-10.8,80.47,79,98,6.55,overcast clouds,0.0,0.0
458,Vila,PT,2020-02-24 09:40:57,42.03,-8.16,60.01,76,0,1.12,clear sky,0.0,0.0
459,Salalah,OM,2020-02-24 09:40:57,17.02,54.09,80.6,61,10,8.05,clear sky,0.0,0.0
460,Starobaltachevo,RU,2020-02-24 09:40:58,56.0,55.92,29.16,93,100,21.27,light snow,0.0,0.44
461,Manyana,BW,2020-02-24 09:40:58,-23.4,21.72,69.98,73,100,13.51,overcast clouds,0.0,0.0
462,Borogontsy,RU,2020-02-24 09:40:58,62.67,131.17,-11.27,100,100,1.5,overcast clouds,0.0,0.0
463,Pisco,PE,2020-02-24 09:40:48,-13.7,-76.22,75.2,83,90,3.36,overcast clouds,0.0,0.0
464,Yaan,NG,2020-02-24 09:40:58,7.38,8.57,91.53,9,5,14.81,clear sky,0.0,0.0
465,Cap-Aux-Meules,CA,2020-02-24 09:40:59,47.38,-61.86,29.46,91,100,7.81,overcast clouds,0.0,0.0
466,Channel-Port Aux Basques,CA,2020-02-24 09:40:59,47.57,-59.14,30.0,87,18,13.04,few clouds,0.0,0.0
467,Nizwa,OM,2020-02-24 09:40:59,22.93,57.53,78.33,33,99,6.55,overcast clouds,0.0,0.0
468,Mananjary,MG,2020-02-24 09:40:59,-21.22,48.33,81.01,83,34,10.4,scattered clouds,0.0,0.0
469,Bulgan,MN,2020-02-24 09:41:00,48.81,103.53,14.07,92,100,5.41,light snow,0.0,0.25
470,Gangapur,IN,2020-02-24 09:41:00,26.48,76.72,81.75,26,0,1.54,clear sky,0.0,0.0
471,Aswan,EG,2020-02-24 09:41:00,24.09,32.91,63.95,29,100,7.67,overcast clouds,0.0,0.0
472,Dakar,SN,2020-02-24 09:36:26,14.69,-17.44,73.4,64,89,17.22,overcast clouds,0.0,0.0
473,Wattegama,LK,2020-02-24 09:41:01,6.8,81.48,91.4,63,40,17.22,scattered clouds,0.0,0.0
474,Kaitangata,NZ,2020-02-24 09:41:01,-46.28,169.85,60.01,65,100,8.32,overcast clouds,0.0,0.0
475,La Ronge,CA,2020-02-24 09:41:01,55.1,-105.28,12.2,92,40,3.36,scattered clouds,0.0,0.0
476,Henties Bay,NA,2020-02-24 09:41:01,-22.12,14.28,71.01,84,8,3.0,clear sky,0.0,0.0
477,Mount Darwin,ZW,2020-02-24 09:41:02,-16.77,31.58,74.53,82,100,5.91,light rain,1.31,0.0
478,Abnub,EG,2020-02-24 09:41:02,27.27,31.15,59.27,39,64,12.41,broken clouds,0.0,0.0
479,Abu Samrah,SY,2020-02-24 09:41:02,35.3,37.18,60.8,54,66,12.03,broken clouds,0.0,0.0
480,Lagoa,PT,2020-02-24 09:41:02,39.05,-27.98,59.72,80,20,12.1,few clouds,0.0,0.0
481,Davila,PH,2020-02-24 09:41:02,18.47,120.58,89.6,55,75,6.93,broken clouds,0.0,0.0
482,Tomball,US,2020-02-24 09:37:31,30.1,-95.62,66.0,88,90,5.82,overcast clouds,0.0,0.0
483,Atkarsk,RU,2020-02-24 09:41:03,51.87,45.01,32.41,100,97,9.08,overcast clouds,0.0,0.0
484,Marawi,PH,2020-02-24 09:41:03,8.0,124.29,81.0,84,70,3.0,light rain,0.63,0.0
485,Canavieiras,BR,2020-02-24 09:41:03,-15.68,-38.95,73.51,96,38,5.01,scattered clouds,0.0,0.0
486,Oxford,GB,2020-02-24 09:40:40,51.75,-1.26,52.0,100,90,18.34,light intensity drizzle,0.0,0.0
487,Buzmeyin,TM,2020-02-24 09:41:04,38.05,58.21,62.6,59,75,9.17,broken clouds,0.0,0.0
488,Skibbereen,IE,2020-02-24 09:41:04,51.55,-9.27,51.8,87,75,19.46,broken clouds,0.0,0.0
489,Meulaboh,ID,2020-02-24 09:41:04,4.14,96.13,84.56,70,41,9.8,scattered clouds,0.0,0.0
490,Jumla,NP,2020-02-24 09:41:04,29.27,82.18,52.0,96,34,5.59,scattered clouds,0.0,0.0
491,Redcliffe,AU,2020-02-24 09:41:05,-27.23,153.1,75.2,94,75,5.82,shower rain,0.0,0.0
492,High Rock,BS,2020-02-24 09:41:05,26.62,-78.28,68.76,59,13,13.51,few clouds,0.0,0.0
493,Paris,FR,2020-02-24 09:39:16,48.85,2.35,53.01,93,90,16.11,overcast clouds,0.0,0.0
494,Pervomayskiy,RU,2020-02-24 09:41:05,53.25,40.29,31.12,98,100,7.27,overcast clouds,0.0,0.0
495,Borba,BR,2020-02-24 09:41:06,-4.39,-59.59,74.26,98,94,2.64,overcast clouds,0.0,0.0
496,Ust-Koksa,RU,2020-02-24 09:41:06,50.27,85.61,16.11,79,100,4.59,light snow,0.0,0.13
497,Berezovyy,RU,2020-02-24 09:41:06,51.67,135.7,10.35,91,44,4.36,scattered clouds,0.0,0.0
498,Vostok,RU,2020-02-24 09:41:06,46.49,135.88,17.17,97,100,2.89,light snow,0.0,0.63
499,Kuvshinovo,RU,2020-02-24 09:41:07,57.03,34.17,33.89,88,96,8.77,light snow,0.0,0.56
500,Santiago Del Estero,AR,2020-02-24 09:41:07,-27.8,-64.26,60.31,62,0,7.67,clear sky,0.0,0.0
501,Zhaotong,CN,2020-02-24 09:41:07,27.32,103.72,61.43,37,0,8.28,clear sky,0.0,0.0
502,Jamame,SO,2020-02-24 09:41:07,0.07,42.75,81.59,78,84,20.96,broken clouds,0.0,0.0
503,Iquique,CL,2020-02-24 09:41:07,-20.22,-70.14,69.8,73,99,1.12,overcast clouds,0.0,0.0
504,Baykit,RU,2020-02-24 09:41:08,61.67,96.37,19.17,86,100,7.07,overcast clouds,0.0,0.0
505,Minna,NG,2020-02-24 09:41:08,9.61,6.56,88.57,11,34,12.08,scattered clouds,0.0,0.0
506,Nome,US,2020-02-24 09:41:08,64.5,-165.41,8.6,84,90,6.93,light snow,0.0,0.0
507,Urucurituba,BR,2020-02-24 09:41:08,-2.68,-57.67,74.88,99,100,1.23,light rain,0.25,0.0
508,Nuuk,GL,2020-02-24 09:41:08,64.18,-51.72,15.8,66,75,12.75,broken clouds,0.0,0.0
509,Kamenka,RU,2020-02-24 09:41:09,51.32,42.77,35.01,98,94,5.01,overcast clouds,0.0,0.0
510,Manhattan,US,2020-02-24 09:39:27,40.78,-73.97,42.8,59,1,3.31,clear sky,0.0,0.0
511,Aransas Pass,US,2020-02-24 09:41:09,27.91,-97.15,68.0,93,90,4.7,overcast clouds,0.0,0.0
512,Broome,US,2020-02-24 09:41:09,42.25,-75.83,37.4,37,1,6.93,clear sky,0.0,0.0
513,Salisbury,GB,2020-02-24 09:41:09,51.07,-1.8,52.0,93,90,20.8,light intensity drizzle,0.0,0.0
514,Alekseyevka,RU,2020-02-24 09:41:10,50.63,38.69,36.39,98,100,13.67,light rain,1.19,0.0
515,Nouadhibou,MR,2020-02-24 09:36:33,20.93,-17.03,73.4,56,99,16.11,sand,0.0,0.0
516,Kaeo,NZ,2020-02-24 09:41:10,-35.1,173.78,64.99,82,0,12.59,clear sky,0.0,0.0
517,Sheltozero,RU,2020-02-24 09:41:10,61.37,35.37,32.67,87,25,13.76,scattered clouds,0.0,0.0
518,Asau,RO,2020-02-24 09:41:10,46.43,26.4,46.0,75,40,26.4,scattered clouds,0.0,0.0
519,Bria,CF,2020-02-24 09:41:11,6.54,21.99,96.13,10,20,6.8,few clouds,0.0,0.0
520,Bernalillo,US,2020-02-24 09:41:11,35.05,-106.67,41.0,60,40,13.87,scattered clouds,0.0,0.0
521,Santa Cruz De La Palma,ES,2020-02-24 09:41:11,28.68,-17.76,71.6,56,100,10.29,haze,0.0,0.0
522,Jieshi,CN,2020-02-24 09:41:11,22.81,115.83,73.99,69,76,8.14,broken clouds,0.0,0.0
523,Campbell River,CA,2020-02-24 09:37:55,50.02,-125.24,39.2,86,90,5.82,overcast clouds,0.0,0.0
524,Kourou,GF,2020-02-24 09:41:12,5.16,-52.65,78.8,83,100,6.93,light rain,0.25,0.0
525,Luzhou,CN,2020-02-24 09:37:28,28.87,105.44,63.21,49,37,4.52,scattered clouds,0.0,0.0
526,Usinsk,RU,2020-02-24 09:41:12,65.99,57.53,27.05,90,100,27.25,light snow,0.0,0.13
527,Grand-Santi,GF,2020-02-24 09:41:12,4.25,-54.38,70.34,99,97,2.21,overcast clouds,0.0,0.0
528,Burnie,AU,2020-02-24 09:41:12,-41.07,145.92,64.0,82,79,6.15,broken clouds,0.0,0.0
529,Pietarsaari,FI,2020-02-24 09:41:13,63.67,22.7,34.0,55,90,17.22,overcast clouds,0.0,0.0
530,Codrington,AU,2020-02-24 09:41:13,-38.27,141.97,63.32,86,89,14.9,overcast clouds,0.0,0.0
531,Nowa Deba,PL,2020-02-24 09:41:13,50.43,21.75,42.01,72,90,19.46,light intensity shower rain,0.0,0.0
532,Lakselv,NO,2020-02-24 09:41:13,70.05,24.97,32.0,96,75,43.62,broken clouds,0.0,0.0
